npi,prescriber,specialty,total_claims,total_drug_cost,total_payment_usd
1003012931,Niceto Lopez,Internal Medicine,39,16514.42,0.0
1003043712,Igor Gorokhov,Internal Medicine,12,6532.24,0.0
1003053851,Aaron Jeng,Internal Medicine,33,21045.98,0.0
1003083031,Frances Canet,Cardiology,60,79713.11,0.0
1003131533,Neel Kapasi,Cardiology,45,39630.53,60.11
1003195686,Boris Arbit,Cardiology,96,108628.49,0.0
1003211566,Bukola Gross,Nurse Practitioner,17,11121.05,0.0
1003243262,Marin Nishimura,Cardiology,77,97344.07,183.94
1003255910,Miteshkumar Patel,Family Practice,56,16028.17,0.0
1003256546,Rajveer Sangera,Interventional Cardiology,24,27005.92,24.65
1003811746,Hennessey Tseng,Cardiology,41,53578.37,164.44
1003830191,Richard Lam,Internal Medicine,11,7389.18,16.18
1003836651,Daniel Wohlgelernter,Cardiology,35,37772.92,0.0
1003859661,Alexander Doan,Nephrology,33,41438.17,139.98
1003862376,Paul Brown,Internal Medicine,26,17345.82,41.18
1003876418,Leon Feldman,Clinical Cardiac Electrophysiology,52,78069.68,19.34
1003881889,Philip Chung,Nephrology,28,26293.7,127.75
1003893801,Theresa Thanh Nguyen,Internal Medicine,19,35827.64,44.14
1003908591,John Nelson,Cardiology,54,60919.75,151.0
1003910456,Emily Scott,Cardiology,32,42548.26,12.4
1003914227,Anna Milstein,Cardiology,795,558465.42,330.62
1003938192,Hieu Huynh,Cardiology,53,78505.12,0.0
1003942491,Steven Lome,Cardiology,14,20202.49,242.14
1003980756,Archna Sood,Internal Medicine,19,7664.64,0.0
1003980822,Kenneth Wen,Cardiology,84,105024.97,0.0
1003991159,John Kim,Family Practice,42,26808.34,0.0
1013021708,William Halliday,Internal Medicine,80,58545.76,0.0
1013022615,Alborz Hassankhani,Cardiology,173,147640.49,407.06
1013029065,Jennifer Wong,Cardiology,290,268177.77,277.02
1013083179,Mehrdad Jafarzadeh,Cardiology,59,63776.86,0.0
1013085810,Andrew Dennish,Cardiology,17,26315.27,0.0
1013114420,Wilbert Tsai,Family Practice,18,11875.16,0.0
1013150499,Raymond Zimmer,Cardiology,63,93722.19,0.0
1013152768,Martin Cadeiras,Advanced Heart Failure and Transplant Cardiology,232,234707.4,238.06
1013154400,Alidad Zadeh,Internal Medicine,47,45057.81,45.66
1013162452,Eric Hong,Cardiology,25,20717.17,446.96
1013163229,Sinan Sarsam,Cardiology,91,115666.24,14.53
1013176841,Ryan Morrissey,Internal Medicine,55,61779.79,0.0
1013176999,Neel Patel,Cardiology,54,60877.39,0.0
1013181163,Suzette Bosveld,Nurse Practitioner,16,10610.07,0.0
1013188051,Anh-Quan Nguyen,Interventional Cardiology,19,19340.87,0.0
1013193101,Brandon Itagaki,Interventional Radiology,16,26876.95,0.0
1013236330,Arismendy Nunez Garcia,Cardiology,23,25714.77,77.34
1013250463,Andy Lee,Cardiology,60,55212.19,407.49
1013276872,Tigran Khachatryan,Cardiology,186,129188.62,508.99
1013301290,Jesse Goitia,Cardiology,14,7565.26,0.0
1013328343,Gabriela Sauder,Geriatric Medicine,12,8070.0,0.0
1013352368,Michael Jesinger,Cardiology,28,36928.29,0.0
1013396118,John Paul Kelada,Family Practice,34,37464.74,174.03
1013425842,Sulman Razzaq,Interventional Cardiology,28,20733.1,0.0
1013490168,Kara Merritt,Nurse Practitioner,176,230091.2,142.11
1013513522,Shawntel Logan,Nurse Practitioner,136,124618.03,320.87
1013911049,Ashok Verma,Interventional Cardiology,223,189160.14,99.79
1013917046,Sung Choi,Interventional Cardiology,31,35732.11,0.0
1013919133,Jeffrey Brackett,Cardiology,124,131673.19,0.0
1013921253,Sandhya Venugopal,Cardiology,25,23935.65,0.0
1013931179,Jose Delgado,Family Practice,19,5787.98,0.0
1013935154,Chin Shun Shih,Cardiology,29,19889.86,0.0
1013938042,Jeannine Laramie,Family Practice,14,20709.99,172.95
1013942986,George Wesley,Interventional Cardiology,175,174287.16,220.32
1013957125,Brian Bui,Cardiology,15,19710.29,172.44
1013979673,Norman Lepor,Cardiology,72,77772.89,5178.61
1013989540,Thomas Paukert,Nephrology,16,9882.25,0.0
1013995299,Todd Hitchcock,Cardiology,41,38383.15,110.23
1023001864,Thuy Pham,General Practice,12,11407.01,0.0
1023006103,Raju Wadhwa,Internal Medicine,14,18818.41,0.0
1023021680,Stephen Arnold,Cardiology,37,26614.47,23.95
1023033107,Keyvan Shirazi,Internal Medicine,31,27206.06,0.0
1023050937,David Lim,Cardiology,99,89306.58,0.0
1023059763,Steven Forman,Interventional Cardiology,15,18526.87,180.12
1023072253,Edgar Aleman,Cardiology,64,64232.74,40.01
1023074341,Douglas Zhang,General Practice,15,10713.99,51.16
1023090867,Peter Chi,Family Practice,14,13674.15,0.0
1023095320,Jeffrey Work,Interventional Cardiology,18,18228.38,0.0
1023110301,John Bergren,Family Practice,12,8079.98,0.0
1023117413,Myunghae Choi,Cardiology,79,77141.43,72.42
1023118411,John Huebner,Physician Assistant,44,30658.92,187.98
1023121217,Charbel Aoun,Internal Medicine,20,14257.82,11.92
1023122587,Joseph Aragon,Interventional Cardiology,38,52780.53,0.0
1023122918,Kiran Pandey,Internal Medicine,70,85479.38,0.0
1023130242,Amir Rabbani,Cardiology,33,47418.28,0.0
1023131778,Deborah Heuerman,Other Clinic/Center,29,19254.3,0.0
1023164605,Christina Adams,Cardiology,42,42030.11,43.58
1023193125,Jonathan Nguyen,Internal Medicine,11,9699.12,42.14
1023196722,Brian O'kelly,Cardiology,214,257368.63,0.0
1023234812,Iglal El Henawi,General Practice,12,8070.0,22.68
1023298353,Geoffrey Yoon,Advanced Heart Failure and Transplant Cardiology,28,35215.33,0.0
1023324746,Nishith Vayada,Cardiology,34,31580.24,0.0
1023368453,Angela Smith,Nurse Practitioner,14,9443.53,0.0
1023373040,Nicholas Phreaner,Cardiology,36,52388.36,0.0
1023385283,Anjani Golive,Internal Medicine,13,8345.14,79.99
1023391166,Sohaib Tariq,Cardiology,1153,823055.77,32.41
1023435922,Dustin Lee,Cardiology,34,51433.41,0.0
1023438637,Justin Parizo,Cardiology,31,42188.87,74.22
1023452836,Haseeb Saeed,Cardiology,31,46021.75,0.0
1023495314,Nilly Shechter,Internal Medicine,16,12889.82,0.0
1023655560,Rohan Bassi,Nurse Practitioner,98,80331.88,202.2
1023685484,Pamela Grace Mondejar,Nurse Practitioner,14,13557.57,0.0
1033100045,Donna Gallik,Clinical Cardiac Electrophysiology,39,37736.44,0.0
1033100516,Bala Annadurai,Internal Medicine,56,19346.91,17.85
1033102900,Charles Sohn,Cardiology,145,155530.95,51.72
1033104724,Radha Menon,Internal Medicine,13,9089.73,0.0
1033107750,Robert Baker,Family Practice,11,11244.69,0.0
1033112313,Bahram Eslami,Cardiology,92,110550.53,0.0
1033136510,Ernest Prudente,Internal Medicine,12,3997.2,49.18
1033145701,Homayoun Sharim,Internal Medicine,216,193924.25,483.67
1033147541,David Cesario,Clinical Cardiac Electrophysiology,11,13364.52,0.0
1033150933,Vinay Keesara,Cardiology,71,55057.73,0.0
1033153101,Malvin Yan,Nephrology,64,33333.65,87.64
1033164330,Omid Vahdat,Cardiology,100,123140.5,235.01
1033173968,Daisy Manuel-Arguelles,Family Practice,16,14716.68,0.0
1033175658,Kien-An Duong,Internal Medicine,12,12950.02,0.0
1033180294,Neeraj Kochhar,Family Practice,12,8070.0,0.0
1033182951,Michael Dao,Family Practice,17,17360.79,15.0
1033191069,Vu Ta,Cardiology,127,83074.27,0.0
1033204011,Duc Tran,Osteopathic Manipulative Medicine,11,4265.91,94.21
1033219084,Robert Ladines,Internal Medicine,27,15890.31,0.0
1033253414,Sara Khan,Internal Medicine,11,7332.84,0.0
1033255021,Earl Fernando,Internal Medicine,39,49714.41,0.0
1033260195,Michael Fowler,Cardiology,187,286963.97,0.0
1033273727,Aria Dibiase,Advanced Heart Failure and Transplant Cardiology,107,94213.45,0.0
1033290887,Satinder Swaroop,Internal Medicine,18,24263.1,0.0
1033293576,Sunny Melendez,Endocrinology,24,19496.07,371.28
1033305305,Andrew Zadeh,Clinical Cardiac Electrophysiology,30,23912.14,0.0
1033318605,Keane Lee,Cardiology,81,101202.13,0.0
1033369947,Batyrjan Bulibek,Cardiology,28,24710.93,346.74
1033376017,Ranjan Ray,Advanced Heart Failure and Transplant Cardiology,22,27291.19,0.0
1033408885,Richelle Marasigan,Family Practice,11,7358.76,39.4
1033427067,Michael Aldridge,Internal Medicine,117,104252.14,0.0
1033434774,Praveen Panguluri,Cardiology,53,73479.54,0.0
1033472741,Miguel Martinez,Family Practice,14,8860.4,0.0
1033503388,Stephen Wall,Internal Medicine,14,17351.84,0.0
1033544341,Danae Wible,Physician Assistant,35,32076.17,23.98
1033640099,Alyssa Milliron,Internal Medicine,14,13219.47,0.0
1033715404,Oscar Mauriciofaguada,Physician Assistant,97,80651.9,64.79
1033760772,Kerry Wood,Nurse Practitioner,64,63409.42,170.2
1043204605,Nicolas Delapena,Infectious Disease,32,19932.54,0.0
1043219678,Josh Weng,Internal Medicine,59,62854.17,86.74
1043232085,Romany Demian,Internal Medicine,12,8156.38,0.0
1043240450,Quoc Nguyen,Internal Medicine,82,99340.7,0.0
1043244122,Thampi John,Cardiology,71,84126.99,140.9
1043244296,Gary Reznik,Cardiology,447,319893.41,251.25
1043245822,Gilbert Plasencia,Cardiology,108,85010.84,182.22
1043246531,Keshav Nayak,Interventional Cardiology,30,26841.69,0.0
1043246572,Arshia Noori,Clinical Cardiac Electrophysiology,129,130415.5,177.24
1043249642,Eric Johnson,Interventional Cardiology,66,76845.42,0.0
1043252943,Annie Le,Allergy/ Immunology,12,8070.69,0.0
1043255938,Archana Shende,Family Practice,82,62082.19,187.89
1043269145,Ngo Phan,Family Practice,37,9240.43,58.1
1043271620,Ivor Geft,Cardiology,94,87437.3,47.34
1043279037,Arlene Nepomuceno,Internal Medicine,12,8070.0,0.0
1043290778,Atul Aggarwal,Cardiology,37,63019.38,71.42
1043293079,Radhika Bukkapatnam,Cardiology,279,254362.55,0.0
1043324742,Suzanne Rizkalla,Internal Medicine,73,65355.72,123.1
1043348436,Lawrence Greenberg,Family Practice,17,2602.96,0.0
1043349772,Brett Wertman,Cardiology,41,46917.38,0.0
1043359219,Luis Navazo,Family Practice,56,25662.17,67.5
1043368053,Lisa Young,Family Medicine,17,5146.69,0.0
1043393465,Omar Perez,Internal Medicine,36,35566.81,0.0
1043396732,Christakis Christodoulou,Cardiology,103,100121.16,81.84
1043416498,Niraj Parekh,Cardiology,16,22977.81,47.05
1043425036,Rajesh Banker,Clinical Cardiac Electrophysiology,25,22882.04,133.72
1043438179,Kavita Ernst,Cardiology,123,151992.04,0.0
1043470735,Syed Latif,Cardiology,32,46969.22,0.0
1043488000,Rabia Rafi,Internal Medicine,30,29248.04,0.0
1043506348,Jan Janay,Family Practice,23,31322.91,0.0
1043534803,Phyu Phyu Lim,Internal Medicine,45,6591.92,0.0
1043560915,Kelly Piazza,Physician Assistant,68,59238.25,102.98
1043566938,Ana Bela Oliveira,Nurse Practitioner,36,50372.28,0.0
1043574403,Anushree Gupta,Family Practice,21,16847.11,0.0
1043577224,Cy Kim,Internal Medicine,38,52411.55,0.0
1043673221,Masood Younus,Internal Medicine,11,13726.63,0.0
1043698707,Steve Youssefian,Family Practice,14,20730.83,0.0
1043735103,Hee Jae Chung,Student in an Organized Health Care Education/Training Program,21,28614.16,0.0
1053320556,Daniel Cepin,Cardiology,61,68923.68,184.51
1053335117,Michael Tsang,Cardiology,20,19501.48,0.0
1053339127,Shital Hubli,Family Practice,13,10144.97,39.26
1053346858,Jay Lee,Clinical Cardiac Electrophysiology,86,92418.53,128.04
1053346940,Dong Mun,Internal Medicine,62,19687.36,0.0
1053353029,Richard Jacoby,Interventional Cardiology,25,17985.49,0.0
1053372466,Puneet Khanna,Cardiology,14,10362.36,0.0
1053385575,Sami Nazzal,Interventional Cardiology,87,89559.26,193.79
1053421123,Bruce Bagheri,Cardiology,46,41750.13,190.14
1053427823,Marcella Press,Cardiology,18,16873.68,0.0
1053427989,S Campbell,Internal Medicine,12,8069.4,0.0
1053451625,David Dahnke,Internal Medicine,11,7676.16,0.0
1053461939,David Sulciner,Cardiology,56,42341.09,0.0
1053470674,Sami Azzam,Internal Medicine,53,53590.62,0.0
1053482968,Colin Watanabe,Internal Medicine,31,38089.21,0.0
1053483883,Shachi Shah,Cardiology,37,74003.09,0.0
1053488072,Morgan Chen,Internal Medicine,22,17437.79,0.0
1053489724,Ella Kleyman,Pharmacist,150,190143.83,0.0
1053531467,Nadim Dagher,Internal Medicine,13,10392.65,0.0
1053561290,Yevgeniy Pustilnikov,Nurse Practitioner,105,71375.11,233.4
1053582171,Eleanor Azurin,Family Practice,28,21668.08,161.62
1053593095,Eugene Depasquale,Advanced Heart Failure and Transplant Cardiology,22,27981.2,0.0
1053625517,Oana Penciu,Cardiology,81,81067.88,34.48
1053631960,Kristal Young,Cardiology,44,59786.0,395.07
1053645903,Marc Verlasky,Nurse Practitioner,22,15966.69,22.62
1053707190,Matthew Auyoung,Cardiology,15,10666.73,0.0
1053748459,Andy Nguyen,Internal Medicine,11,6047.53,0.0
1053756346,Cassie Iutzi,Family Practice,12,13816.65,0.0
1053841387,Jessie Liu,Hospitalist,13,3905.32,0.0
1053843540,Amitabh Singh,Internal Medicine,15,16366.79,0.0
1063054641,Aileen Jiras,Physician Assistant,193,196522.78,373.44
1063058519,Renuka Thakur,Nurse Practitioner,98,110421.2,240.73
1063400380,Abdul Khan,General Practice,32,22936.91,0.0
1063402816,Mark Wexman,Cardiology,66,82739.35,0.0
1063421865,Fariborz Shams,Internal Medicine,66,47320.99,49.8
1063440840,Khalid Khan,Internal Medicine,12,13367.98,84.05
1063452316,John Woodcock,Family Practice,31,32235.26,0.0
1063474583,Bina Kamdar,Internal Medicine,12,8052.13,0.0
1063481331,Jose Ibarra,Family Practice,12,9360.53,0.0
1063499325,Richard Wong,Internal Medicine,204,334296.26,0.0
1063501021,Sudhaker Nayak,Cardiology,77,97118.68,0.0
1063504348,Pritpal Randhawa,Internal Medicine,13,8427.34,0.0
1063507028,Garo Karakashian,Internal Medicine,82,34903.5,82.65
1063512473,Adel El-Bialy,Cardiology,65,79108.52,54.3
1063516235,Craig Mansour,Cardiology,49,64784.22,127.79
1063541043,Gregory Cogert,Clinical Cardiac Electrophysiology,77,62271.34,0.0
1063545804,Ali Farvid,Internal Medicine,20,14724.5,0.0
1063547792,Jerrold Cantor,Cardiology,27,20883.58,47.24
1063562882,Henry Huang,Cardiology,35,37848.2,0.0
1063571834,Adrienne Grant,General Practice,18,18863.51,0.0
1063575223,Paul Yoshino,Interventional Cardiology,105,134572.7,168.36
1063591105,Scott Yang,Cardiology,23,25839.14,0.0
1063597383,Shaojun Wang,Cardiology,45,45989.43,0.0
1063601904,Clement Chan,Physician Assistant,20,17350.2,44.67
1063603009,Arthur Karaguezian,Family Practice,29,23651.96,0.0
1063609097,Soledad Lee,Internal Medicine,75,22799.42,0.0
1063609170,Stefanie Rafes,Physician Assistant,52,75909.24,0.0
1063637320,Fernando Mendoza,Cardiology,38,44478.71,373.46
1063662682,Hamid Eskandari,Family Practice,20,4261.31,0.0
1063690717,Harpreet Parmar,Cardiology,36,47405.62,0.0
1063701068,Nicholas Wettersten,Advanced Heart Failure and Transplant Cardiology,64,83498.08,0.0
1063778173,Nayiri Gharibian,Internal Medicine,11,6697.48,0.0
1063830768,Carrie Madden,Pharmacist,37,47057.8,0.0
1063834331,Karissa Plummer,Physician Assistant,11,6804.15,0.0
1063866572,Thong Nguyen,Cardiology,15,8792.27,0.0
1063866598,Chih-Wei Chang,Internal Medicine,21,12225.47,21.32
1063880524,Oscar Chavez,Nurse Practitioner,16,16171.93,51.74
1063901742,Mark De Los Santos,Nurse Practitioner,24,25533.16,35.53
1073047270,Tina Yun,Family Practice,14,7564.57,0.0
1073161329,Andrea Boettcher,Internal Medicine,22,18278.93,0.0
1073531802,Kenneth Jutzy,Interventional Cardiology,14,14160.87,0.0
1073548962,L R Moscoso,Cardiology,145,106837.71,175.33
1073565107,Shazia Hasan,Cardiology,37,39727.79,0.0
1073573903,Jayapal Reddy,Cardiology,65,49775.74,29.48
1073575353,Mark Miller,Cardiology,193,233989.02,0.0
1073581237,Scott Russell,Family Practice,13,17284.94,16.42
1073587887,Jason Black,Internal Medicine,13,10330.54,95.41
1073596912,Herman Lu,Cardiology,110,87069.64,486.64
1073599858,Thomas Ahern,Clinical Cardiac Electrophysiology,48,65385.23,0.0
1073607214,Farshid Laghaei,Pharmacist,88,71317.54,0.0
1073607446,Tuan Nguyen,Family Practice,11,7928.08,0.0
1073612529,Tomas Vasiliauskas,Cardiology,40,55301.08,0.0
1073651550,Saro Avakian,Family Practice,41,27735.29,0.0
1073656815,Eran Matalon,Internal Medicine,28,16413.48,0.0
1073680120,Grace Chen,Internal Medicine,17,22130.16,12.2
1073680898,My-Diem Tong,Internal Medicine,11,6086.11,0.0
1073680971,Navneet Dullet,Clinical Cardiac Electrophysiology,18,17665.47,0.0
1073689386,Hakop Gevorkyan,Internal Medicine,54,14470.98,0.0
1073706495,Murrad Abdelkarim,Interventional Cardiology,31,42767.44,0.0
1073711453,Andro Sharobiem,Internal Medicine,14,6639.68,66.82
1073718052,Richard Clark,Cardiology,137,139077.85,0.0
1073751962,Ankit Rathod,Cardiology,25,21766.54,0.0
1073766895,Pavittarpaul Dhesi,Cardiology,41,25927.17,0.0
1073768891,Genaro Fernandez,Cardiology,125,141701.46,367.6
1073780938,Moneer Eddin,Internal Medicine,55,44680.5,31.04
1073830899,Lynn Fontana,Certified Clinical Nurse Specialist,47,46224.6,0.0
1073846747,Richard Kiel,Cardiology,108,137093.54,59.28
1073896544,Georges Abou Rjaili,Cardiology,84,72108.28,361.02
1073976478,Kent Feng,Internal Medicine,20,20979.2,0.0
1083025993,Dana Payne,Physician Assistant,40,65448.84,0.0
1083135776,Brian Martinez,Physician Assistant,65,83540.73,161.94
1083223705,Julie Miner,Nurse Practitioner,30,28160.91,12.26
1083228738,Kimberly Obidiegwu,Physician Assistant,75,99958.45,119.64
1083236244,Janet Lechuga,Physician Assistant,118,86612.11,23.24
1083259725,Alex Daeisadeghi,Nurse Practitioner,25,26886.38,172.86
1083620231,Eric Sanderson,Internal Medicine,11,12115.12,0.0
1083626543,Jeffrey Harris,Family Practice,14,9514.52,0.0
1083632079,Nirbhai Hundal,Internal Medicine,15,12764.39,12.62
1083635593,Kaustubh Patankar,Cardiology,93,79210.06,143.52
1083649735,Kyaw Moe,Nephrology,25,13280.49,0.0
1083655443,Roman Malley,Internal Medicine,68,14357.42,58.0
1083656086,Stuart Fischer,Cardiology,56,52255.56,180.12
1083659528,Asim Guha Roy,Internal Medicine,55,18658.72,0.0
1083669147,Gerald Mckinsey,Physician Assistant,24,40133.41,0.0
1083680466,Michael Chin,Cardiology,44,29496.49,0.0
1083705461,Abrham Tekola,Family Practice,16,25808.96,0.0
1083715254,Kenny Charn,Cardiology,39,48430.16,0.0
1083733695,Martin Hauptschein,Internal Medicine,26,27999.23,62.57
1083744643,Daniel Sterns,Internal Medicine,11,7481.19,81.9
1083749212,Irvin Benowitz,Family Medicine,12,8057.66,0.0
1083771224,Silvia Collazo,Family Medicine,16,11957.2,0.0
1083771489,Yong Tan,Family Practice,12,16716.71,18.63
1083787907,Syed Hossain,Internal Medicine,12,6466.42,0.0
1083787980,Ghassan Kazmouz,Cardiology,71,121499.61,203.55
1083790117,Vatsal Mody,Cardiac Surgery,54,70415.81,0.0
1083790513,Gamal Ghaly,Internal Medicine,12,9491.59,0.0
1083800767,Jamal Rana,Cardiology,55,76287.85,0.0
1083812135,Paige Larrabee,Nurse Practitioner,22,27227.94,0.0
1083818116,Maria Taitano,Cardiology,24,30991.29,0.0
1083841720,David Suk,Cardiology,91,79510.09,223.4
1083868145,Mohammad Madjid,Interventional Cardiology,13,18241.06,60.9
1083899397,Bahram Khadivi,Cardiology,12,19351.44,0.0
1083902092,Molood Hadi,Internal Medicine,34,9374.53,0.0
1083938906,Amish Patel,Cardiology,99,89743.79,144.08
1083980643,Bradley Stauber,Internal Medicine,141,151190.15,79.85
1083984827,Jenny Banh,Internal Medicine,28,27751.01,0.0
1093027278,Edinrin Obasare,Clinical Cardiac Electrophysiology,23,33579.04,116.07
1093028078,Hetalben Makwana,Internal Medicine,16,12819.76,0.0
1093094427,David Lalezari,Internal Medicine,52,48674.02,149.84
1093150633,Carmen Marti,Nurse Practitioner,109,23041.71,0.0
1093179764,Kira Levy,Family Practice,12,7607.01,0.0
1093226045,Anna Bakalian,Nurse Practitioner,16,12014.33,247.26
1093248296,Josephine Corona,Family Practice,14,22980.14,0.0
1093701690,Vuong Nguyen,Internal Medicine,43,16387.92,0.0
1093714743,Alvaro Waissbluth,Cardiology,43,56335.17,24.41
1093719056,Michael Brown,Cardiology,66,74922.85,13.02
1093726879,Bruce Brent,Cardiology,12,13889.72,0.0
1093730491,Ka-Lok Tse,Nephrology,34,30325.04,16.14
1093731325,David Jensen,Family Practice,18,25568.92,119.79
1093732992,Ronald Daoud,Internal Medicine,21,15342.96,172.75
1093737892,Germin Soliman,Internal Medicine,19,11897.26,0.0
1093749715,Dominic Chiong,Internal Medicine,11,7168.66,0.0
1093767337,Pagiel Shechter,Nephrology,50,18012.99,49.14
1093772857,Donald Grandis,Cardiology,60,49319.87,0.0
1093773137,Barry Greenberg,Advanced Heart Failure and Transplant Cardiology,101,104227.45,1932.0
1093791667,Renita Pullens,General Practice,11,5283.58,0.0
1093797557,Donald Lai,Cardiology,45,60921.99,60.67
1093799967,Gina Flaharty,Nurse Practitioner,20,25539.38,0.0
1093809790,Bruce Kimura,Cardiology,22,26758.72,0.0
1093817728,Lawrence Epstein,Internal Medicine,12,11775.66,0.0
1093821100,Chinh Huynh,General Practice,17,14225.47,0.0
1093832636,Amit Parekh,Internal Medicine,38,82439.21,0.0
1093881054,Donald Ware,Cardiology,18,11509.61,0.0
1093893166,Anly Song,Cardiology,20,35523.58,0.0
1093913147,Milan Rawal,Cardiology,90,138435.61,324.38
1093913444,Doeyoung Kim,Internal Medicine,28,16795.32,63.21
1104017169,Phong Hu,Cardiology,63,77001.82,70.9
1104027085,Eric Hemminger,Cardiology,42,39403.45,0.0
1104056845,Peter Chung,Cardiology,127,110279.56,54.81
1104065440,Bao Tran,Cardiology,237,301546.56,357.3
1104096551,Clifton Watt,Cardiology,62,92374.37,0.0
1104109750,Christopher Hancock,Nurse Practitioner,11,7043.86,15.95
1104111566,Victor Alvarez Casillas,Family Practice,24,16446.47,0.0
1104150515,Gilberto Medina,Family Practice,12,8980.86,0.0
1104181130,Jaii Chung,Nurse Practitioner,68,58166.97,11.7
1104187368,Ahmed Seliem,Advanced Heart Failure and Transplant Cardiology,137,150966.37,137.87
1104222124,Stacey Shoop,Physician Assistant,54,36757.92,240.8
1104251909,Todd Rowland,Nurse Practitioner,24,7564.89,0.0
1104371947,Ilona Ozeruga,Physician Assistant,19,23345.06,13.64
1104418417,Jagdish Nijjar,Nurse Practitioner,26,17942.04,0.0
1104452911,Tony Vu,Pharmacist,111,115819.82,0.0
1104463827,Giovana Meza,Physician Assistant,21,35240.9,0.0
1104802594,David Greene,Geriatric Medicine,12,1965.4,0.0
1104803048,Theodore Chow,Clinical Cardiac Electrophysiology,81,61131.69,41.56
1104806421,Don Lee,Cardiology,744,663120.41,488.09
1104810076,Ray Matthews,Interventional Cardiology,27,28751.76,0.0
1104812643,Eugene Byun,Cardiology,98,105446.62,12.5
1104820729,Tejinder Singh,Internal Medicine,22,17710.96,0.0
1104820927,Erol Kosar,Clinical Cardiac Electrophysiology,91,107618.93,0.0
1104836402,Dan Hopner,Family Practice,13,7940.44,0.0
1104841212,Rolando Gutierrez,Family Practice,24,18688.72,0.0
1104848720,Fareeha Siddiqui,Hematology-Oncology,14,9414.87,0.0
1104856186,Takeshi Matsumoto,Internal Medicine,24,21613.81,23.67
1104865153,Ali Ghazvini,Internal Medicine,12,8067.86,0.0
1104876002,Mayer Rashtian,Clinical Cardiac Electrophysiology,804,915169.4,487.47
1104878073,Bernard Lichtenstein,Internal Medicine,18,11376.48,0.0
1104884790,Michael Michalski,Cardiology,34,43095.14,60.32
1104886142,Parmod Kumar,Gastroenterology,14,9051.29,0.0
1104887447,Philip Patel,Cardiology,155,157479.1,23.15
1104895739,Viral Mehta,Cardiology,81,91351.04,44.82
1104906270,Thy Nghiem,Pharmacist,13,10205.26,0.0
1104906312,Tammy Pritchett,Nurse Practitioner,25,30629.6,0.0
1104907666,Sunil Nowrangi,Interventional Cardiology,33,42549.08,0.0
1104914944,Jignesh Patel,Advanced Heart Failure and Transplant Cardiology,24,29538.44,0.0
1104926500,Steven Gorman,Internal Medicine,11,7439.59,15.14
1104931260,Taymour Malak,Family Practice,17,16236.32,64.27
1104938505,Varol Togay,Cardiology,62,70494.27,0.0
1104952548,Yuri Busi,Cardiology,40,33240.54,24.95
1104969229,Firoozeh Parsa Nezhad,Internal Medicine,13,1565.33,0.0
1104998194,Thomas Young,Cardiology,16,18148.21,43.22
1114000569,Alejandro Garcia,Cardiology,46,57855.22,199.11
1114015500,Manuel Aguilera,Internal Medicine,25,18778.88,159.75
1114048741,Wayne Whitwam,Cardiology,121,126699.09,130.95
1114066909,Francesca Delling,Cardiology,11,9147.1,0.0
1114072402,Neelima Vallurupalli,Cardiology,48,61388.26,0.0
1114095106,Basil Hamblin,Family Practice,38,22767.6,0.0
1114102993,Zarine Ter-Poghosyan,Family Practice,17,14108.6,51.93
1114107935,Powell Jose,Cardiology,115,112274.3,0.0
1114125994,Sahar Sohrabian,Cardiology,13,14383.86,0.0
1114140233,Mark Samonte,General Practice,15,4099.45,0.0
1114152717,Devan Marar,Cardiology,53,55573.36,0.0
1114157484,Manreet Basra,Cardiology,70,88302.06,55.04
1114173325,Hsin Yi Huang,Interventional Cardiology,45,51989.94,127.8
1114212370,Siri Kunchakarra,Cardiology,39,56985.49,0.0
1114245800,Anthony Fam,Internal Medicine,18,5712.4,0.0
1114300449,Emma Avetisyan,Certified Clinical Nurse Specialist,56,64701.92,15.08
1114344173,Laura Ryan,Internal Medicine,16,15580.41,61.5
1114378171,Thomas Chung,Nurse Practitioner,208,199493.58,277.99
1114900610,Virgilio Panganiban,Family Practice,17,17096.67,23.1
1114924727,Harinder Gogia,Cardiology,59,80476.62,12.58
1114924966,James Nichol,Family Practice,12,8130.73,0.0
1114927449,Daniel Rieders,Cardiology,14,14929.95,0.0
1114930435,David Austin,Family Practice,15,10150.3,0.0
1114937190,Pankaj Shukla,Internal Medicine,85,114868.06,108.38
1114969680,Priscilla Hsue,Cardiology,29,19478.67,0.0
1114980703,Ahmad Alturjuman,Cardiology,118,149656.48,266.85
1114981818,Vanessa Mandal,Internal Medicine,11,6633.0,0.0
1114982782,Joseph Lopez,Cardiology,34,44522.94,248.87
1114988441,Pramod Kadambi,Cardiology,42,31790.05,0.0
1114991767,Benjamin Cohen,Clinical Cardiac Electrophysiology,157,185405.71,425.42
1124015987,Gopal Govindarajan,Cardiology,89,77838.03,44.05
1124018262,John Hurwitz,Internal Medicine,15,5807.06,0.0
1124019138,Haixin Xu,Internal Medicine,20,7807.74,0.0
1124021969,Daniel Mulvihill,Cardiology,30,34794.85,38.44
1124022850,John Baker,Cardiology,27,35339.71,12.58
1124039524,Andrew Phoon,Internal Medicine,33,20099.67,0.0
1124043948,Anthony Demaria,Cardiology,18,27784.79,0.0
1124058169,Christopher Purmer,Cardiology,119,151732.01,349.59
1124062013,Mary Gray,Cardiology,29,42560.42,0.0
1124062500,John Hunter,Cardiology,29,50190.39,82.32
1124070420,Mimi Le,Internal Medicine,26,19991.56,0.0
1124086590,Joseph Leonard,Family Practice,18,14160.63,0.0
1124090303,Sanjay Bhojraj,Cardiology,27,23046.11,284.52
1124090576,Steven Tabak,Cardiology,45,72874.6,0.0
1124105754,William Paley,Family Practice,11,7435.25,0.0
1124106844,Jonica Calkins,Cardiology,49,46668.96,0.0
1124110622,Lyubov Levin,Pharmacist,170,158069.51,0.0
1124117452,Hooman Kashani,Internal Medicine,24,7065.27,0.0
1124119805,Jung Bae,Internal Medicine,28,27228.56,22.2
1124127527,Annalisa Porter,Pharmacist,11,13597.26,0.0
1124138359,Vincent Ho,Family Practice,102,72036.05,136.59
1124161120,William Martinez,Physician Assistant,54,62862.17,43.64
1124176110,Yuji Saito,Clinical Cardiac Electrophysiology,48,43993.39,0.0
1124188628,Herach Yadegarian,General Practice,37,19476.32,0.0
1124199047,Stephen Bartz,Cardiology,101,114369.2,0.0
1124273313,Christopher Salem,Family Practice,13,8635.36,0.0
1124274899,Sarah Mcmurray,Internal Medicine,12,7576.9,0.0
1124284716,Parveen Garg,Cardiology,24,17739.72,0.0
1124295027,Farshad Raissi Shabari,Clinical Cardiac Electrophysiology,49,51188.35,0.0
1124300082,Borna Solomon,Internal Medicine,14,6215.7,0.0
1124331012,Sandeep Sangodkar,Cardiology,143,96494.2,54.73
1124360615,Michael Tanoue,Cardiology,24,33382.5,0.0
1124611744,Donna Bella Sumayod,Nurse Practitioner,16,15143.45,226.91
1124681887,Victoria Bazanos,Nurse Practitioner,162,199173.26,12.22
1134119308,Jose Bautista,Internal Medicine,54,45214.1,200.83
1134132798,Jamshid Niknam,Internal Medicine,36,12627.06,82.12
1134140718,Nadine Sidrick,General Practice,14,16424.38,0.0
1134143506,James Chun,Cardiology,33,48733.16,0.0
1134147986,David Bridgeman,Family Practice,13,7904.61,0.0
1134153653,Seung Kim,Geriatric Medicine,13,8849.38,0.0
1134157050,Lin Fang,Nurse Practitioner,35,50478.09,42.49
1134158215,Francis Te,Internal Medicine,37,34472.96,134.13
1134163637,James Wang,Family Practice,15,9778.16,69.34
1134163793,Tuan Pham,Cardiology,73,91065.7,223.3
1134165194,Thanh Nguyen,Cardiology,24,29349.08,0.0
1134173750,Lance Reinherz,Cardiology,17,11772.91,161.39
1134176381,Leslie Baluyot,Cardiology,27,46216.86,0.0
1134195647,Sarabjit Singh,Cardiology,122,119525.89,137.72
1134202658,Byron J Allen,Internal Medicine,13,14209.28,0.0
1134204043,Sunny Wong,Internal Medicine,12,4081.18,23.82
1134228828,Hiram Palmer,Cardiology,13,20066.71,0.0
1134239932,Jerry Okonkwoaguolu,Family Practice,23,34376.65,20.24
1134247174,Jenny Khiterer,Nurse Practitioner,158,147921.51,0.0
1134254345,Cyril Leung,Cardiology,16,22891.57,43.61
1134257702,Ramford Ng,Cardiology,81,93594.92,60.67
1134274012,Sunil Patel,Nephrology,57,38420.21,71.9
1134311905,Wayland Lim,Cardiology,75,111767.97,0.0
1134357007,Andrew Chen,Cardiology,36,39397.04,0.0
1134375272,Perkin Shiu,Cardiology,72,101009.95,101.93
1134379126,Samir Samarany,Cardiology,139,113194.15,140.1
1134396591,Darko Vucicevic,Advanced Heart Failure and Transplant Cardiology,199,189279.36,0.0
1134407448,Sherwin Dela Cruz,Cardiology,27,20024.24,0.0
1134411820,Seohee Cho,Nurse Practitioner,35,23765.65,0.0
1134446875,Charlotte Carlson,Geriatric Medicine,12,10465.35,0.0
1134462039,Sandy Park,Cardiology,14,19073.75,0.0
1134477599,Mahboob Ali,Cardiology,50,41498.06,144.61
1134512551,Hong An Pham,Nurse Practitioner,15,10111.9,0.0
1134518541,Ines Sherifi,Cardiology,11,9705.61,0.0
1134535792,Imran Siddiqui,Internal Medicine,20,14420.17,133.09
1134564347,Amar Desai,Interventional Cardiology,40,46070.2,0.0
1134797640,Wilma Corpuz,Nurse Practitioner,19,12090.98,20.46
1144200486,Stanley Henjum,Cardiology,61,70377.74,38.24
1144207333,Donald Rediker,Interventional Cardiology,89,111140.93,266.88
1144207739,Kartik Thaker,Cardiology,52,43687.58,24.8
1144220369,John Williams,Internal Medicine,12,7357.68,0.0
1144225301,Thomas Kim,Cardiology,111,91512.25,369.49
1144227158,George Wu,Cardiology,12,9249.29,52.18
1144228180,Harlan Grogin,Clinical Cardiac Electrophysiology,72,62262.74,94.6
1144240631,Brian Diep,Family Practice,15,10773.13,0.0
1144244211,Martha Preciado,Cardiology,130,121037.59,45.48
1144245895,Victor Bonilla,Cardiology,222,224793.71,0.0
1144250184,Romesh Japra,Internal Medicine,73,61411.05,158.21
1144254806,Aparna Bhagavat,Cardiology,25,28148.48,15.18
1144255019,Mary Tran,Family Practice,11,7286.59,123.69
1144256900,Robert Nguyen,Internal Medicine,14,11462.22,0.0
1144257486,Larry Marianella,Internal Medicine,13,8532.72,0.0
1144268392,James Comazzi,Specialist,16,12219.8,0.0
1144279514,Payam Yashar,Cardiology,82,90634.55,302.85
1144280348,Danny Lock,Family Practice,18,15851.12,0.0
1144287442,Eldrin Lewis,Cardiology,27,36347.6,0.0
1144288036,Vlad Nusinovich,Internal Medicine,24,15183.16,145.85
1144288242,Stanley Kawanishi,Cardiology,88,92506.79,0.0
1144290081,Ashraf Nashed,Cardiology,120,104506.35,216.4
1144304114,Joel Lewis,Family Practice,13,8201.07,0.0
1144308644,Emmanuel Conanan,Family Practice,18,3238.48,0.0
1144316167,Judy Pereira,Pharmacist,47,51976.49,0.0
1144323064,Pin-Hung Hsieh,Internal Medicine,12,3027.39,0.0
1144327032,Ricardo Roman,Internal Medicine,14,13210.77,0.0
1144333535,Dhia Al-Sarraf,Internal Medicine,157,43782.2,0.0
1144381278,William Nicholson,Cardiology,27,26443.82,0.0
1144396383,Beatriz Tamayo,Internal Medicine,15,14471.97,0.0
1144405903,Amelia Young,Cardiology,294,234306.73,92.72
1144428392,Matthew Wheeler,Cardiology,62,56704.63,0.0
1144455825,Vishal Patel,Interventional Cardiology,188,273968.21,0.0
1144457029,William Huang,Clinical Cardiac Electrophysiology,65,63555.25,472.7
1144483256,Chirag Mehta,Cardiology,32,26993.95,384.64
1144494550,Gaurav Parikh,Cardiology,94,92083.6,80.8
1144502618,Jigar Kadakia,Family Practice,17,7373.33,0.0
1144535709,Arvin Narula,Interventional Cardiology,22,31681.8,220.59
1144549304,Rowena Nolasco,Nurse Practitioner,11,8837.0,0.0
1144568239,Lorelei Labarge,Nurse Practitioner,91,113362.5,0.0
1144584913,Aaron Wolfson,Advanced Heart Failure and Transplant Cardiology,37,38678.63,0.0
1144586736,Kayoko Nakamura,Nurse Practitioner,82,56615.33,0.0
1144623653,Tal Vitaly Sraboyants,Nurse Practitioner,48,63305.07,0.0
1144683749,Jenica Thangathurai,Internal Medicine,22,22880.81,62.84
1144697699,Katie Nguyen,Pharmacist,16,28465.42,0.0
1144795899,Selin Abraamyan,Physician Assistant,55,43445.5,487.86
1154320836,Rodolfo Protacio,Internal Medicine,20,18530.37,20.64
1154323996,Dimitri Sherev,Cardiology,132,149454.42,183.21
1154325702,Daniel Choo,Cardiology,189,204470.23,199.44
1154350320,Susan Pekarovics,Internal Medicine,16,9112.83,0.0
1154352011,Duane Bridges,Cardiology,39,41146.32,0.0
1154365872,Ali Delbakhsh,Cardiology,46,35104.89,0.0
1154369130,Richard Waters,Cardiology,41,35450.12,0.0
1154375053,Craig Mueller,Family Practice,19,11368.19,0.0
1154376580,Nasimeh Yazdani,Nephrology,12,7908.78,0.0
1154379147,Prabhdeep Sethi,Interventional Cardiology,119,124295.44,328.25
1154392421,Asha Devereaux,Pulmonary Disease,13,7570.9,0.0
1154399632,Roy Avalos,Cardiology,21,17988.68,234.15
1154416808,Danny Farah,Internal Medicine,13,6422.81,0.0
1154425536,Jon Miyakawa,Family Practice,36,15211.88,51.74
1154432045,Osama Lam,Internal Medicine,11,6652.03,0.0
1154453769,Jamshid Maddahi,Cardiology,24,24168.08,69.64
1154480770,William Kaplan,Family Practice,13,7645.7,0.0
1154493906,A. Macduff Sheehy,Cardiology,40,46060.04,0.0
1154494755,Rami Shaarawy,Internal Medicine,36,22563.96,0.0
1154504900,Hashim Khan,Internal Medicine,18,18539.26,55.54
1154516789,Walter Thomas,Physician Assistant,12,7438.09,40.12
1154521540,Shaukat Ali,Cardiology,43,54997.27,0.0
1154552305,Lilit Baltaian,Legal Medicine,13,8718.94,0.0
1154580074,Aditya Prasad,Cardiology,11,8280.36,258.52
1154595346,Gentian Lluri,Cardiology,12,14815.06,0.0
1154612604,Kyaw Maung,Hospitalist,23,5243.25,0.0
1154633709,Anas Alani,Cardiology,43,48393.53,56.59
1154646289,Robert Cole,Cardiology,18,27899.23,0.0
1154766616,Celeste Chavez,Nurse Practitioner,96,121174.94,0.0
1154789154,Yardana Gill,Nurse Practitioner,38,41896.72,69.59
1154941508,Shannon Stampwala,Nurse Practitioner,12,14105.96,127.28
1164022448,Kwang Yeon Carol Lee,Nurse Practitioner,32,29185.07,0.0
1164420469,Katherine Ludington,Cardiology,25,29885.19,22.54
1164429585,Ida Wang,Internal Medicine,11,20307.21,20.86
1164433868,Uri Ben-Zur,Cardiology,13,17791.12,0.0
1164438081,Paul Phillips,Internal Medicine,27,28576.06,0.0
1164439675,Andrew Wang,Internal Medicine,15,8547.66,0.0
1164459400,Matthew Lombard,Family Practice,20,16689.44,0.0
1164461166,Valerie Madaffari,Nurse Practitioner,65,62880.69,0.0
1164469201,Jacob Flores,Geriatric Medicine,22,20195.33,0.0
1164471223,Mark Allison,Internal Medicine,15,14105.47,13.18
1164476081,Asela Wickremasinghe,Internal Medicine,11,12084.51,13.0
1164479473,Frederick Wood,Cardiology,75,74067.12,488.37
1164483244,Raveen Arora,Cardiology,288,316353.43,347.61
1164490967,Hanumandla Reddy,Cardiology,14,23356.7,0.0
1164513297,Mary Borses,Cardiology,35,46259.61,136.82
1164528105,Youssef Awad,General Practice,56,28439.97,0.0
1164548301,Pamela Yamek,Nurse Practitioner,12,11769.0,367.72
1164611075,Gurdip Flora,Internal Medicine,14,9466.44,71.76
1164658951,Purvi Parwani,Cardiology,21,21437.61,0.0
1164659033,Sonia Ponce,Internal Medicine,173,143854.01,82.32
1164700258,Marian Dahmer,Physician Assistant,12,12854.75,0.0
1164713244,Sami Nafoosi,Internal Medicine,37,29147.11,136.59
1164734489,Mutahir Khan,Cardiology,13,12834.52,0.0
1164745725,Namee Kim,Cardiology,53,78263.04,21.84
1164788683,Nishwan Jibri,Family Practice,17,10140.41,0.0
1164795498,Alan Awdisho,Internal Medicine,14,11378.04,0.0
1164798153,Dhaval Desai,Interventional Cardiology,37,32430.83,156.82
1164836896,Sepehr Golboo,Geriatric Medicine,35,9528.23,0.0
1164840724,Abbas Hasnain,Internal Medicine,83,13149.57,0.0
1164849360,Lia Angela Africa,Internal Medicine,11,7383.19,0.0
1174090161,Anne Mcmullen,Nurse Practitioner,34,32176.75,0.0
1174090179,Ellen Park,Pharmacist,59,92379.79,0.0
1174093504,Elaine Mariski,Nurse Practitioner,23,27439.17,107.04
1174150205,Mei Yee Wong,Nurse Practitioner,58,68976.48,135.68
1174175160,Sherry Yang,Pharmacist,24,19603.05,0.0
1174298095,Karla Chen,Nurse Practitioner,62,56959.44,0.0
1174505077,Joseph Quan,Cardiology,85,61242.4,21.17
1174527139,Daniel Landa,Cardiology,44,58016.52,0.0
1174539415,Melkon Hacobian,Cardiology,28,37151.2,0.0
1174540520,Jordan De-Paz,Family Practice,19,20886.89,0.0
1174545651,Zaven Arslanian,General Practice,32,23125.45,235.47
1174551568,Uday Gadgil,Cardiology,25,24094.51,0.0
1174554935,George Ponce,Cardiology,286,218181.18,149.55
1174573588,Tourage Soleimani,Cardiology,61,49479.84,357.75
1174573760,Kevin Knobel,Internal Medicine,22,15078.33,0.0
1174576268,Thomas Watson,Cardiology,15,24350.85,0.0
1174582688,Hedyeh Golshan,Internal Medicine,11,12205.99,18.58
1174587224,Munaf Shamji,Cardiology,134,170522.48,21.19
1174592547,Nasser Khan,Cardiology,30,30600.06,44.82
1174606685,Sanae Inagami,Internal Medicine,130,19992.26,0.0
1174609614,Mario Deng,Cardiology,28,40780.16,0.0
1174612287,Hanan Lobel,Internal Medicine,26,9500.28,11.82
1174625404,Milly Khan,Family Practice,18,8568.68,0.0
1174638373,Eric Batres,Family Practice,25,18313.85,113.88
1174664783,Leo Polosajian,Cardiology,660,562128.9,342.25
1174694079,Nehal Patel,Hospice and Palliative Care,15,8496.56,0.0
1174699151,Miguel Lizama,Internal Medicine,11,15793.38,0.0
1174701429,Heesoo Jeong,Internal Medicine,18,11417.82,0.0
1174701668,Sumit Khandhar,Interventional Cardiology,51,72440.24,0.0
1174708960,Navid Shafaee,Cardiology,82,140992.23,0.0
1174728612,Fahed Bitar,Interventional Cardiology,99,111904.47,452.01
1174769145,Lusine Soghbatyan,Internal Medicine,44,14373.49,0.0
1174782551,Andrew Yoon,Advanced Heart Failure and Transplant Cardiology,271,176350.29,253.92
1174788665,Pavel Goykhman,Interventional Cardiology,121,85250.88,180.36
1174825053,Jessie Rollins,Family Practice,12,7848.23,0.0
1174840102,Jonathan Gordin,Cardiology,28,35586.88,0.0
1174840680,Chanaka Wickramasinghe,Cardiology,38,50421.43,42.49
1174865521,Emily Fedewa,Nurse Practitioner,24,27605.05,0.0
1174920060,Tingting Jiang,Nurse Practitioner,12,9100.01,0.0
1174920367,Julia Godley,Nurse Practitioner,21,12883.74,0.0
1174933279,Kelvin Ma,Family Practice,15,16157.78,0.0
1174942882,Ruth Hsiao,Hospitalist,27,18518.85,0.0
1174973986,Anna Gil,Nurse Practitioner,12,7805.52,127.38
1184008641,Dina Bedwani,Physician Assistant,25,24234.15,22.82
1184069239,Erum Bajwa,Cardiology,79,71253.0,434.95
1184071441,Yasin Hussain,Interventional Cardiology,12,8070.0,0.0
1184075921,Noel Santamaria,Physician Assistant,12,7659.58,0.0
1184099954,Shuo Zhou,Family Practice,26,46496.57,76.62
1184150146,Christine Shen,Student in an Organized Health Care Education/Training Program,12,12893.85,0.0
1184155285,Holly Dieu,Internal Medicine,19,15995.16,0.0
1184213340,Katie Cobb,Physician Assistant,19,12865.59,0.0
1184612624,Garth Tanner,Internal Medicine,12,10033.22,24.83
1184616872,Edward Schumaker,Family Practice,11,7322.41,69.12
1184617763,Leo Kassabian,Cardiology,130,105221.07,62.7
1184622417,Matthew Lefferman,Internal Medicine,18,18810.66,0.0
1184637654,Michelle Gordon-Canning,Physician Assistant,57,55037.25,0.0
1184650772,Durga Madala,Cardiology,87,108631.71,129.44
1184650871,Surekha Vetsa,Internal Medicine,12,7064.93,0.0
1184653628,Julio Guzman,Family Practice,13,13846.46,16.88
1184655698,Karen Don,Internal Medicine,12,7320.61,0.0
1184656928,Dharmakumar Gomer,Internal Medicine,13,4660.54,0.0
1184662165,Surrender Raina,Cardiology,89,92485.28,24.7
1184662629,Majed Chane,Cardiology,56,40308.32,171.36
1184668097,Kanwal Singh,Cardiology,94,105424.88,37.1
1184685281,Domingo Barrientos,Internal Medicine,43,27914.44,24.44
1184696999,Norman Chien,Geriatric Medicine,33,23296.6,85.89
1184706343,Venkata Emani,Interventional Cardiology,57,85301.37,41.93
1184728479,Siamak Etehad,Internal Medicine,74,26462.27,45.05
1184736548,John Weisenberger,Family Practice,11,6223.68,46.92
1184782302,Kenneth Thrasher,Family Practice,33,14385.26,0.0
1184787020,Anil Kumar,Cardiology,70,113703.14,0.0
1184788960,Mark Bowers,Clinical Cardiac Electrophysiology,16,23225.58,0.0
1184791048,Paramjit Takhar,Family Practice,15,25437.88,70.89
1184795148,Anh Duong,Internal Medicine,65,43720.34,0.0
1184799603,Yongchul Huh,Internal Medicine,46,20373.48,63.76
1184804288,David Charo,Cardiology,14,8340.56,0.0
1184817249,Jennifer Fleming,Nurse Practitioner,27,39320.75,0.0
1184823494,Ali Sovari,Clinical Cardiac Electrophysiology,19,18233.95,70.04
1184826364,Jennifer Ting,Internal Medicine,13,4620.23,0.0
1184835407,Peter Jenson,Family Practice,27,8201.48,0.0
1184865982,Aman Saw,Interventional Cardiology,32,32174.02,45.19
1184878142,Victor Ochoa,Cardiology,68,58685.25,39.87
1184886186,Gilberto Cota,Family Practice,65,60637.16,0.0
1184887838,Jack Tsai,Family Practice,12,8505.52,0.0
1184927741,Yesenia Castellon,Nurse Practitioner,22,21753.74,0.0
1184955767,David Cohen,Clinical Cardiac Electrophysiology,26,31947.28,191.57
1184959272,Jared Herr,Advanced Heart Failure and Transplant Cardiology,86,87206.76,0.0
1194043042,Ashkan Attaran,Cardiology,76,87972.77,45.32
1194056796,Neel Shah,Internal Medicine,31,34118.48,39.26
1194059584,Manuel Tapia,Family Practice,12,14998.66,0.0
1194081729,David Lerner,Cardiology,39,39472.49,0.0
1194083535,James Meyers,Family Practice,31,14460.91,0.0
1194106914,Tyler Berenji,Physician Assistant,69,82767.12,63.51
1194111799,Saman Setareh-Shenas,Cardiology,135,133226.9,128.64
1194123653,Jessica Seward,Nurse Practitioner,24,23857.9,20.02
1194266460,Anh Tuan Ngo,Family Practice,24,28715.69,0.0
1194343731,Kellan Kalbaugh,Physician Assistant,23,25096.05,0.0
1194705186,David Vaughan,Cardiology,68,109503.06,41.44
1194706242,Brian Jaski,Advanced Heart Failure and Transplant Cardiology,171,201643.19,267.66
1194711184,Charles Suh,Interventional Cardiology,17,10349.06,22.75
1194715193,Byung Ahn,Cardiology,223,263038.88,185.34
1194721167,Melvin Gonzalez,Cardiology,239,298117.53,399.41
1194732925,Gene Kim,Clinical Cardiac Electrophysiology,63,75919.52,0.0
1194734087,Ajay Srivastava,Advanced Heart Failure and Transplant Cardiology,99,139263.62,158.21
1194735019,Michael Pham,Advanced Heart Failure and Transplant Cardiology,139,151934.62,0.0
1194739797,John Liu,Internal Medicine,11,3218.86,25.0
1194747824,Michael Haga,Family Practice,11,6870.74,0.0
1194759704,Gurjeet Mahal,Physician Assistant,42,56116.2,229.44
1194759803,Stephen Corday,Cardiology,19,23598.64,40.32
1194764589,Lori Wynstock,Internal Medicine,26,16528.63,81.75
1194782847,Emanuel Shaoulian,Cardiology,17,11761.35,0.0
1194786426,Babak Kasravi,Cardiology,20,25380.09,0.0
1194788158,Shyam Bhaskar,Internal Medicine,28,34776.5,0.0
1194794263,Tu Truong,Internal Medicine,25,28041.96,198.85
1194794776,Gordon Sweeney,Hospitalist,27,8493.29,0.0
1194805416,Robert Feldman,Internal Medicine,20,27540.69,0.0
1194808121,Keiko Aikawa,Cardiology,21,20851.71,0.0
1194810952,Mark Sockell,Geriatric Medicine,13,3750.18,0.0
1194840694,Munir Janmohamed,Advanced Heart Failure and Transplant Cardiology,650,654508.96,165.27
1194889402,Frank Rose,Internal Medicine,13,18065.34,0.0
1194899336,Azmy Ghaly,Internal Medicine,40,12820.58,24.72
1194906693,Mark Mcdonnell,Internal Medicine,42,41764.36,0.0
1194917534,Evan Kransdorf,Advanced Heart Failure and Transplant Cardiology,41,54923.51,0.0
1194934588,Shivak Sharma,Cardiology,14,21436.96,0.0
1194974626,Charles Parise,Cardiology,34,26497.31,0.0
1194987297,Mehdi Hakimipour,Internal Medicine,41,9259.37,0.0
1205008950,James Lee,Cardiology,22,30756.6,0.0
1205028644,Eric Yang,Cardiology,28,34829.66,0.0
1205033073,Matthew Ostrom,Clinical Cardiac Electrophysiology,84,99141.65,0.0
1205052032,Damon Kwan,Internal Medicine,61,30604.44,0.0
1205114899,Ajay Patel,Interventional Cardiology,22,37541.09,155.85
1205129731,Gaurav Banka,Internal Medicine,196,212823.53,0.0
1205141322,Saba Lahsaei,Cardiology,16,18964.53,72.03
1205153913,George Lin,Interventional Cardiology,56,37492.83,145.38
1205213410,Kay-Won Chang,Cardiology,33,39456.19,0.0
1205221694,Alejandra Gutierrez,Internal Medicine,12,11011.11,0.0
1205246113,Justin Rheem,Internal Medicine,18,5471.33,43.7
1205418480,Sunpreet Ranu,Nurse Practitioner,11,6463.51,0.0
1205815248,Jennifer Altamira,Nurse Practitioner,23,30351.07,423.7
1205823929,Farschad Birdjandi,Internal Medicine,42,11653.86,0.0
1205833811,Peter Pak,Advanced Heart Failure and Transplant Cardiology,130,164169.8,18.06
1205837697,Carl Feld,Internal Medicine,13,3914.94,0.0
1205841087,Dennis Latuno,Specialist,14,8641.14,0.0
1205851615,Lawrence Mora,Family Practice,13,12484.0,309.04
1205859311,Toni Mcfadden,Nurse Practitioner,56,88156.45,0.0
1205875606,Teja Singh,Internal Medicine,20,4075.82,0.0
1205880101,Dennis Sheehan,Cardiology,56,76384.94,0.0
1205880994,Absalom Hepner,Cardiology,131,112818.28,182.37
1205883501,Ngai Nguyen,Cardiology,101,132032.49,46.64
1205883972,Monica Divakaruni,Cardiology,180,217498.43,127.32
1205886389,Bruno Cotter,Cardiology,40,38798.2,0.0
1205897535,Sameh Gadallah,Cardiology,18,23069.16,47.76
1205906310,Arutyun Topsakalyan,General Practice,35,24986.81,0.0
1205913811,Haniffa Maznavi,Internal Medicine,17,7549.88,0.0
1205918497,Alvin Cacho,Cardiology,62,55215.01,271.04
1205924222,Gregory Baker,Physician Assistant,17,14703.85,0.0
1205944485,Dawn Lombardo,Cardiology,12,22818.65,0.0
1205948288,Sanjay Kumar,Cardiology,36,48206.89,97.29
1205964947,Orlando Collado,Family Practice,46,13128.39,0.0
1205972296,Laybon Jones,Internal Medicine,104,116291.77,0.0
1205982105,Bridget Smith,Nurse Practitioner,53,47706.38,0.0
1215009113,Ashmead Ali,Family Practice,12,3676.25,0.0
1215015482,Boyd Johnson,Family Practice,16,2412.71,0.0
1215038930,Scott Baron,Cardiology,184,234881.76,42.49
1215039631,Shehnaz Habib,Internal Medicine,12,12884.93,0.0
1215075213,Thomas Fitzpatrick,Cardiology,24,20923.3,0.0
1215085246,Andrew Dublin,Interventional Cardiology,68,76418.96,54.07
1215138789,Andrea Tackett,Cardiology,84,84462.35,0.0
1215195557,Reza Nazari,Cardiology,37,31862.54,132.85
1215201108,Maryam Balouch,Cardiology,12,10999.03,0.0
1215220074,Peyman Nejatbakhsh Azadani,Cardiology,43,59360.7,16774.98
1215229281,Gerald Rogado,Family Practice,11,10221.58,0.0
1215230503,Tung Quach,Physician Assistant,66,106886.88,23.92
1215257894,Saman Sabounchi,Internal Medicine,16,4047.65,0.0
1215259221,Larry Chan,Cardiology,145,101901.12,118.86
1215470851,Jacqueline Lapsley,Nurse Practitioner,34,47984.04,0.0
1215905260,Daren Primack,Cardiology,124,104502.65,109.02
1215917752,Prabhtej Brara,Cardiology,53,64418.32,304.77
1215918800,Heather Shenkman,Cardiology,51,73051.84,126.21
1215921044,Marc Girsky,Cardiology,13,16169.34,0.0
1215924105,Kirk Chang,Cardiology,43,53938.97,421.96
1215925409,Marina Manvelyan,Internal Medicine,13,13936.28,71.68
1215927439,Fred Shalom,Cardiology,22,26304.16,0.0
1215955844,Thomas Smith,Cardiology,20,26111.63,0.0
1215961701,Robert Potts,Family Practice,21,6731.71,0.0
1215967906,John Gaidry,Internal Medicine,22,8486.02,0.0
1215976576,Shalom Margolis,Cardiology,12,16935.39,51.96
1215982855,Henry Gong,Cardiology,11,12645.06,0.0
1215985494,Lena Avedissian,Cardiology,110,144254.85,107.05
1215987409,Gaylene Soloniuk-Tays,Emergency Medicine,23,30579.07,0.0
1215994827,Gordon Fung,Cardiology,53,49097.01,0.0
1215995337,Martin Rubinger,Internal Medicine,13,8646.04,0.0
1225000532,Jigar Patel,Clinical Cardiac Electrophysiology,20,18995.05,33.23
1225005663,Jo Pullen,Internal Medicine,22,18145.0,0.0
1225013550,William Averill,Cardiology,15,16634.41,0.0
1225013923,Kathleen Tong,Cardiology,45,30576.38,120.14
1225016074,V Douglas Jodoin,Family Practice,14,14403.89,0.0
1225028442,Carlos Guzman,Physician Assistant,20,20525.3,67.62
1225031586,Stephen Cohen,Cardiology,22,16205.51,43.66
1225034358,Jack Farahi,Cardiology,236,292358.91,277.61
1225034416,Steven La Viola,Cardiology,46,63436.99,0.0
1225038573,Eric Enriquez,Family Practice,18,21935.4,0.0
1225053325,Joseph Jammal,Cardiology,25,22785.08,0.0
1225061591,Mahnaz Behboodikhah,Cardiology,197,214684.63,22.04
1225074982,Kamran Matin,Cardiology,47,73489.83,297.38
1225077050,Joseph Alonzo,Internal Medicine,17,19474.14,0.0
1225078579,Justin Lee,Cardiology,66,87533.04,0.0
1225081102,Tomoaki Hinohara,Cardiology,41,35851.46,0.0
1225088537,Leonardo Clavijo,Interventional Cardiology,78,61198.4,0.0
1225103161,Sandi Woo,Physician Assistant,35,34256.78,0.0
1225104284,Mai Nguyen,Pharmacist,63,54915.99,0.0
1225105190,Pauline Woo,Internal Medicine,24,27181.51,0.0
1225116783,Emmeline Hou,Cardiology,13,22250.63,0.0
1225117328,Vinod Kaura,Internal Medicine,11,11371.86,0.0
1225126600,Anitha Rajamanickam,Interventional Cardiology,41,29946.26,65.46
1225129281,Marvin Urbina,Family Practice,22,14629.79,113.38
1225134232,Arash Vahdat,Cardiology,155,152464.09,276.87
1225199805,Babak Sanei Fard,Interventional Cardiology,59,41404.09,0.0
1225218373,Adam Elkin,Cardiology,30,50412.76,0.0
1225233133,Pranjalkumar Patel,Family Practice,17,6777.46,39.26
1225240906,Noel Moradkhan Zomalan,Family Practice,22,19247.53,0.0
1225253099,Faraz Zaidi,Geriatric Medicine,20,3309.8,0.0
1225264617,Gurpreet Sodhi,Cardiology,215,207570.23,121.44
1225276652,David Lee,Cardiology,220,260063.07,45.27
1225288582,Edgar Agvanyan,Family Practice,16,11830.24,0.0
1225291321,Kimberly Messenger,Pharmacist,26,34137.95,0.0
1225353592,Jordan Kawano,Internal Medicine,41,39583.24,244.7
1225410129,Erin Prieto,Physician Assistant,81,73755.23,20.52
1225448756,Daniel Jimenez,Internal Medicine,35,34549.34,0.0
1225497670,Cesfe Banola,Nurse Practitioner,41,39093.35,27.77
1225532633,Jassimran Bainiwal,Student in an Organized Health Care Education/Training Program,17,11216.09,0.0
1225671845,Kimya Baradaran,Physician Assistant,22,19995.11,0.0
1225681372,Sheila Kraft,Nurse Practitioner,11,7160.55,43.76
1235108747,Donald Gregory,Interventional Cardiology,39,52168.44,0.0
1235125337,Ronald Goldberg,Cardiology,116,154006.69,267.65
1235131061,Karl Sun,Cardiology,21,15870.3,43.22
1235145350,Po Lew,Family Practice,12,4756.21,22.58
1235145590,Mowbray Hagan,Internal Medicine,15,9857.52,39.7
1235147521,Khalid Nur,Internal Medicine,11,3230.74,0.0
1235163726,Tao Duong,Cardiology,86,145534.58,0.0
1235165507,Brian Minkus,Family Practice,12,7779.5,22.68
1235179870,Xiaoguang Huang,Internal Medicine,33,38210.19,0.0
1235186347,Alireza Jafari,Cardiology,136,128843.15,184.92
1235189093,Georg Emlein,Internal Medicine,62,50549.53,0.0
1235197856,Elahe Toulouie,Internal Medicine,29,29391.93,177.31
1235199340,Liviu Klein,Cardiology,71,56852.39,0.0
1235210097,Kishore Khankari,Internal Medicine,22,16643.07,0.0
1235218967,Sung Kim,Hospice and Palliative Care,11,3141.3,0.0
1235229196,Laura Garvin,Internal Medicine,13,15016.38,0.0
1235270836,Vikram Lakireddy,Cardiology,21,38356.47,20.46
1235322538,Minas Kochumian,Internal Medicine,29,23387.55,0.0
1235350893,Mohammad Hajjar,Cardiology,54,48654.02,229.03
1235359845,Armen Kazanchian,Internal Medicine,17,11601.62,0.0
1235417411,Thi Dang,Cardiology,35,36124.33,0.0
1235456559,Dilbahar Mohar,Interventional Cardiology,20,17104.33,0.0
1235489709,Jasprit Takher,Internal Medicine,11,7630.95,101.88
1235507351,Sidra Khan,Family Practice,13,8512.15,0.0
1235509068,Sabrina Barrios,Nurse Practitioner,21,12824.48,0.0
1235517533,Monica Sapo,Internal Medicine,11,12890.41,0.0
1235526203,Peter Xu,Cardiology,46,56111.03,0.0
1235557356,Merije Chukumerije,Cardiology,50,49678.43,0.0
1235565920,Ali Naderi Mahabadi,Cardiology,88,122497.51,12.82
1235593245,Ben Rasmussen,Internal Medicine,11,7158.34,0.0
1235620287,Lydia Park,Internal Medicine,11,6675.93,0.0
1235662149,Arazin Minasian,Internal Medicine,15,14802.46,0.0
1235697376,Elias Frangos,Physician Assistant,61,54684.98,0.0
1235698713,Lynne Orr,Nurse Practitioner,21,23510.23,0.0
1235791674,John-John Loreto,Nurse Practitioner,20,6292.11,0.0
1245207026,Jeremy Mesches,Family Practice,15,10148.39,0.0
1245235738,Hector Santiesteban,Nephrology,13,8102.6,0.0
1245243716,Dineshkumar Thakur,Cardiology,108,94360.71,17.1
1245255439,Kenneth Carr,Cardiology,31,32115.17,87.78
1245258433,Bryan Fox,Family Practice,12,17386.85,0.0
1245261114,Randall Williams,General Practice,14,9489.48,0.0
1245262716,Surendra Gudapati,Cardiology,22,28780.87,0.0
1245269802,Babak Pezeshki,Cardiology,27,26242.58,0.0
1245272533,David Orias,Cardiology,14,14895.98,48.96
1245273820,Edwin Choi,Family Practice,33,20289.74,0.0
1245277789,Elaheh Farshidi,General Practice,22,4026.34,0.0
1245280007,Ferdinant Saran,Geriatric Medicine,67,54662.82,0.0
1245318302,Christopher Forrest,Cardiology,15,25873.51,0.0
1245318344,Rebecca Doane,Cardiology,62,62562.4,0.0
1245318872,Gordon Leung,Internal Medicine,12,13904.51,0.0
1245335405,Anantjit Singh,Clinical Cardiac Electrophysiology,48,66848.17,43.86
1245353952,Katrine Zhiroff,Interventional Cardiology,60,80119.94,156.13
1245358324,Arun Raghupathy,Interventional Cardiology,32,31234.12,0.0
1245372846,Huy Hoang,Internal Medicine,19,19758.14,0.0
1245399740,Salvatore Rosanio,Cardiology,21,18874.47,175.37
1245402072,Maryam Amini,Internal Medicine,11,3158.25,0.0
1245421445,Michael Panutich,Cardiology,22,15742.91,0.0
1245467273,Abdul Nuristani,Internal Medicine,16,7608.94,0.0
1245501899,Suraj Rasania,Cardiology,128,102686.2,193.33
1245529940,Joseph Ebinger,Cardiology,16,19472.25,0.0
1245576966,Payal Mehta,Cardiology,12,15794.97,0.0
1245676360,Wei Rao,Internal Medicine,17,8051.05,0.0
1245705953,Armine Manukyan,Nurse Practitioner,11,7410.85,0.0
1245759695,Radha Solai,Physician Assistant,14,17460.67,178.46
1245988161,Emanuelle Vasconcelos B Borba Pontual,Nurse Practitioner,14,27340.13,0.0
1255303905,Leslie Dudley,Internal Medicine,13,4719.2,0.0
1255312005,David Hyun,Cardiology,39,44883.14,131.24
1255314514,Onkarjit Marwah,Cardiology,220,175736.61,107.24
1255331294,Emerald Tay,Internal Medicine,15,9707.17,22.24
1255335659,Donald Mahon,Cardiology,127,154103.26,340.21
1255336665,Chan Park,Family Practice,18,12099.47,35.43
1255346607,Beth Mattera,Nurse Practitioner,31,30650.03,21.41
1255359840,Missak Kltchian,Internal Medicine,60,38976.17,20.0
1255372769,Yogesh Trehan,Internal Medicine,11,10279.32,0.0
1255377511,Bharat Shah,Cardiology,181,140784.46,0.0
1255379301,Padmini Varadarajan,Cardiology,23,32608.12,18.72
1255418190,Liteh Chang,Internal Medicine,12,10796.04,0.0
1255425724,David Lehman,Internal Medicine,40,113413.21,206.26
1255427084,Rebecca Choe,Pharmacist,21,21690.93,0.0
1255430286,Asha Pritpal Sidhu,Internal Medicine,75,20483.69,0.0
1255436804,Mark Shaffer,Internal Medicine,22,14300.61,0.0
1255448957,Kevin Vuong,Nurse Practitioner,30,59722.27,24.54
1255452546,Matoo Saluja,Internal Medicine,84,66796.87,0.0
1255462248,Sohail Davoudian,Internal Medicine,15,16640.35,0.0
1255463204,Ilya Rachman,Internal Medicine,237,159775.87,27.03
1255516613,Leonid Slavin,Internal Medicine,134,143080.49,0.0
1255520623,Anurag Gupta,Clinical Cardiac Electrophysiology,12,11766.59,0.0
1255533402,Xinge Hu,Cardiology,30,44210.57,0.0
1255549184,Anoushiravan Boghairi,Cardiology,16,18281.11,0.0
1255565321,Jenny Papazian,Cardiology,37,49905.2,0.0
1255577904,Alex Rainow,Cardiology,38,32020.41,0.0
1255582540,Abid Rizvi,Undefined Physician type,11,11239.71,0.0
1255642179,Nicky Wadiwala,Cardiology,68,50336.45,76.98
1255659215,Michelle Fujimoto,Family Practice,11,4472.72,0.0
1255726949,Arvind Nishtala,Cardiology,32,26993.78,0.0
1255741005,Augustine Pyo,Cardiology,73,104815.67,151.46
1255748596,Radit Aur,Physician Assistant,33,46289.81,0.0
1255971552,Valerie Hill,Nurse Practitioner,12,7720.47,0.0
1255981668,Lisa Sandrik,Nurse Practitioner,28,22439.9,0.0
1265045991,Balwinder Shukla,Nurse Practitioner,28,16241.03,0.0
1265088116,Stephany Salazar,Nurse Practitioner,38,29543.65,118.16
1265404289,George Fehrenbacher,Cardiology,23,35475.97,0.0
1265420806,Teresa Tioran,Cardiology,173,163429.15,0.0
1265443352,Rupsa Yee,Cardiology,38,36247.56,0.0
1265449078,Kerry Waits,Internal Medicine,24,16209.86,0.0
1265453435,Noli Cava,Internal Medicine,31,28366.05,119.42
1265458954,Michael Yeh,Cardiology,576,493710.88,139.06
1265465926,Youssef Beshai,Family Practice,19,29311.34,71.92
1265466759,David Cardona,Family Practice,21,14265.2,33.7
1265472849,Maleah Grover,Cardiology,83,123835.76,25.74
1265485049,Cynthia Williams,Endocrinology,13,11496.24,0.0
1265485684,Jack Yu,Family Practice,20,6558.86,0.0
1265488845,Razmik Ohanjanian,Internal Medicine,39,27029.05,256.68
1265510762,Richard Birnbaum,Cardiology,15,19545.0,0.0
1265515340,Stacy James,Nurse Practitioner,57,65698.13,0.0
1265520001,Jaime Moriguchi,Advanced Heart Failure and Transplant Cardiology,26,46075.15,0.0
1265547624,Jason Boyatt,Cardiology,132,145712.73,0.0
1265563241,Sarkis Baghdasarian,Cardiology,28,29307.95,0.0
1265572499,Susan Danek,Family Practice,40,26928.33,125.46
1265606552,Sanjay Sharma,Cardiology,348,280675.57,305.71
1265617187,Dael Geft,Advanced Heart Failure and Transplant Cardiology,40,39327.52,0.0
1265638811,Rayan Hourani,Interventional Cardiology,349,366312.47,215.33
1265650493,Vahan Madatovian,General Practice,11,6313.35,0.0
1265656417,Fariba Amani,Clinical Cardiac Electrophysiology,63,62423.04,21.8
1265664304,Karine Yeghoyan,Internal Medicine,19,17067.14,0.0
1265694962,Hossein Eftekhari,Interventional Cardiology,42,46368.63,142.82
1265722102,Roy Mukku,Internal Medicine,186,149414.74,76.49
1265744999,Zin Oo,Internal Medicine,19,13880.47,0.0
1265745848,Annahita Sarcon,Cardiology,22,24531.02,0.0
1265787972,James Walls,Family Practice,19,16654.66,0.0
1265790133,Sofy Landes,Cardiology,60,69683.28,30.67
1265813315,Charissa Bacena-Miano,Nurse Practitioner,374,281297.37,137.72
1265847214,Giv Heidari Bateni,Cardiology,15,13551.37,0.0
1275052987,Diana Garnica,Nurse Practitioner,34,42686.22,131.46
1275507352,Ramin Farshi,Cardiology,88,91014.9,424.2
1275514986,Behzad Taghizadeh,Cardiology,22,15546.89,300.96
1275519175,Hanh Bui,Internal Medicine,374,383915.82,220.68
1275538423,Michael Brodsky,Clinical Cardiac Electrophysiology,38,43593.05,0.0
1275552556,Eric Lee,Internal Medicine,12,4256.43,0.0
1275554867,Jon Pritchett,Family Practice,12,8083.32,0.0
1275558330,Joseph Ghazal,Cardiology,98,100598.86,19.77
1275559288,Dejun Wang,Internal Medicine,20,23392.39,0.0
1275572349,Jonathan Yun,Family Practice,22,20118.71,0.0
1275579278,Dawn Atwal,Cardiology,16,23566.08,0.0
1275584203,Demetrio Hechanova,Cardiology,139,169988.84,484.19
1275584898,Anaida Melkumian,General Practice,14,9504.56,0.0
1275585788,Nelson Schiller,Cardiology,28,38724.27,0.0
1275594657,Khamaj Dave,Cardiology,92,93911.42,0.0
1275609588,Syed Raza,Cardiology,110,95918.2,0.0
1275623191,Nathaniel Woodruff,Cardiology,49,48658.79,0.0
1275633216,Peter Tran,Cardiology,31,46677.23,0.0
1275634248,Jim-Jer Hwu,Nephrology,12,9520.12,0.0
1275640336,Steven Kamara,Internal Medicine,21,9498.04,211.28
1275656662,Robin Abdelmalik,Cardiology,14,23223.39,194.85
1275669954,Richard Chang,Undefined Physician type,107,152247.85,205.93
1275683286,Ingrid Hogberg,Cardiology,15,19326.34,0.0
1275689085,Ildefonso Cruz,Family Practice,12,11787.1,0.0
1275692055,Marsha Alexander,Family Practice,26,15685.66,0.0
1275705931,Wadih Hawat,Internal Medicine,47,40270.05,303.41
1275717647,Francis Arenas,Internal Medicine,13,8904.41,43.86
1275786980,Nitin Mathur,Cardiology,184,268227.14,0.0
1275796963,Charles Lu,Cardiology,91,78089.69,0.0
1275827636,Mihir Sanghvi,Family Practice,25,6982.55,0.0
1275828113,Ragesh Panikkath,Cardiology,24,24316.25,0.0
1275847436,Diane Bite,Nurse Practitioner,299,300519.06,43.62
1275849069,Evangelos Diamantakos,Clinical Cardiac Electrophysiology,64,63914.75,21.58
1275883621,Mykhaylo Babenko,Physician Assistant,41,35348.98,0.0
1275978330,Chirag Desai,Cardiology,71,56981.84,19.4
1275988446,Elizabeth Vuong,Pharmacist,92,110558.0,0.0
1275991929,Manuel Moreno,Nurse Practitioner,11,9604.25,0.0
1275992190,Karl Lexter Reyes,Nurse Practitioner,14,9414.48,0.0
1285046854,Nadeem Goraya,Family Practice,14,9065.35,0.0
1285055210,Jenny Parma,Internal Medicine,14,10206.64,0.0
1285097998,Aaron Tea,Nurse Practitioner,12,12140.99,19.33
1285169110,Jed Padre,Family Practice,24,27649.91,106.18
1285612457,James Heywood,Advanced Heart Failure and Transplant Cardiology,184,180304.23,282.88
1285620443,William Tsai,Family Practice,33,18287.4,0.0
1285620666,William Warshal,Family Practice,48,12524.0,0.0
1285633081,Neil Levin,Internal Medicine,16,10144.85,0.0
1285644294,Jesse Jacquez,Physician Assistant,12,7608.52,0.0
1285651166,Juma Bharadia,Cardiology,60,50926.5,61.53
1285664029,Hossein Alimadadian,Interventional Cardiology,165,194750.82,191.26
1285668962,Daniel Rose,Family Practice,19,16186.57,0.0
1285671222,Daniel Vanhamersveld,Cardiology,297,445184.27,41.34
1285674960,Mary Huntsinger,Nurse Practitioner,29,28021.9,25.94
1285694349,Pingfeng Du,Cardiology,17,23531.53,0.0
1285696476,Hooman Madyoon,Cardiology,58,47389.65,417.98
1285705905,Jivan Melikian,Cardiology,65,44723.4,85.01
1285708123,Fausan Tsai,Cardiology,14,28609.03,0.0
1285722686,Anita Szady,Advanced Heart Failure and Transplant Cardiology,440,406437.79,0.0
1285724724,Henry Yee,Cardiology,300,297325.32,211.26
1285725945,Doddanna Krishna,Pulmonary Disease,15,7140.57,0.0
1285732354,Kingsley Ofoegbu,Internal Medicine,22,6915.87,0.0
1285732370,Sang Baik,Internal Medicine,57,73883.75,102.86
1285777813,Robert Castro,Interventional Cardiology,147,142828.45,166.47
1285779389,Ronald Witteles,Cardiology,261,299766.14,0.0
1285807693,Thomas Ro,Internal Medicine,34,15646.88,0.0
1285815209,Lindsay Wagner,Physician Assistant,12,9474.33,0.0
1285833764,Young Lee,Interventional Cardiology,82,75794.2,61.86
1285879338,Muhammad Shabbir,Family Practice,31,8727.43,26.31
1285883074,Evan Muse,Cardiology,39,47990.23,0.0
1285899302,Atul Singla,Cardiology,38,48558.28,95.24
1285913632,Brandon Kai,Cardiology,128,130110.18,0.0
1285925628,Rasham Deep Sandhu,Cardiology,145,127239.12,52.93
1285925883,Niraj Doctor,Cardiology,54,64100.28,39.96
1285928705,Adnan Khan,Cardiology,17,21291.65,80.07
1285939553,Karina Berge,Nurse Practitioner,24,16229.82,0.0
1285954941,Kandan Baban,Cardiology,156,160540.11,20.5
1285960872,Anisha Rastogi,Internal Medicine,41,46357.21,144.08
1285961789,Dayan Gandhi,Nephrology,12,15220.61,36.93
1285964577,Daniel Ling,Internal Medicine,13,17294.31,20.8
1295007144,Nancy Ly,Cardiology,92,109099.54,157.04
1295013951,Neiveen Peter,Internal Medicine,22,10138.79,0.0
1295020709,Evlyn Avanessian,Family Practice,79,30110.87,0.0
1295026482,Vahan Koshkaryan,Cardiology,142,116830.96,260.62
1295039360,Manminder Bhullar,Cardiology,20,33115.19,85.66
1295044808,Yu Xie,Advanced Heart Failure and Transplant Cardiology,44,45461.13,0.0
1295051928,Rushi Parikh,Cardiology,33,38715.05,0.0
1295053403,Jia Shen,Cardiology,113,142753.18,0.0
1295074326,Derek Harmon,Physician Assistant,55,47364.6,0.0
1295092146,Matthew Glassy,Internal Medicine,58,68685.64,0.0
1295155588,Ali Ashtiani,Interventional Cardiology,55,55195.3,54.64
1295196756,Suyoun Lee,Nurse Practitioner,13,15863.37,18.31
1295207447,Thang Pham,Physician Assistant,92,75943.12,348.05
1295712206,Luis Bautista,Family Practice,12,7361.05,0.0
1295717411,Carolyn Lacey,Cardiology,115,132369.61,91.76
1295722627,Li Liu,Internal Medicine,25,15528.21,65.64
1295728392,Christopher Massa,Cardiology,28,35816.93,0.0
1295739845,Robert Reina,Internal Medicine,11,7402.5,0.0
1295755734,Tali Arik,Internal Medicine,58,75929.59,85.61
1295760395,Raluca Arimie,Cardiology,51,59044.95,136.83
1295766434,Jehangir Yeganeh,Internal Medicine,46,45511.58,0.0
1295766442,Regan Douty,Internal Medicine,14,9420.59,0.0
1295769230,Josef Lobel,Internal Medicine,11,11770.93,64.76
1295810497,Linda Wu,Pharmacist,18,38983.1,0.0
1295811966,Jae Yoo,Internal Medicine,22,22855.55,0.0
1295814408,Ric Garrison,Family Practice,21,26927.47,55.28
1295838746,Pradeep Kumar,Cardiology,28,47556.63,231.72
1295846723,Cesar Pena,Pulmonary Disease,13,15409.56,87.32
1295876860,Richard Podolin,Cardiology,35,46376.58,216.72
1295882769,Kuldip Gill,Internal Medicine,13,11068.71,45.55
1295901270,Sarwar Orakzai,Cardiology,23,26030.08,0.0
1295914216,Harpreet Singh,Cardiology,18,21024.02,0.0
1295915585,Dae Rheem,Gastroenterology,25,16846.73,24.16
1295919371,Sarabjeet Singh,Cardiology,98,90087.99,33.53
1295925972,Samir Bhatt,Cardiology,55,71601.31,109.75
1295969954,Jorge Castellanos,Cardiology,81,97289.55,0.0
1295977122,Damian Rasch,Cardiology,84,104224.88,262.31
1295977353,Brian Snook,Family Practice,15,26499.42,0.0
1295990224,Lamia Dris,Cardiology,42,30775.85,0.0
1295994440,Ramon Partida,Cardiology,34,42277.83,0.0
1295997096,Jonathan Turner,Cardiology,41,44709.8,0.0
1306000922,Jaswinder Bajwa,Internal Medicine,11,3475.22,0.0
1306004304,Hugo Rodriguez,Physician Assistant,12,7975.24,0.0
1306030242,Christopher Seaman,Interventional Cardiology,51,33880.12,125.04
1306038591,Jennifer Carlquist,Physician Assistant,23,27950.4,274.54
1306040712,Shaun Ehsani,Family Practice,12,7822.57,0.0
1306041355,Alexander Kopelnik,Cardiology,19,27192.58,0.0
1306077870,Matthew Pugh,Clinical Cardiac Electrophysiology,50,55426.43,24.95
1306155908,Deborah Leal,Nurse Practitioner,16,19961.99,0.0
1306189253,Ehete Bahiru,Cardiology,11,10268.64,0.0
1306233143,Sapna Patel,Hospitalist,15,16512.73,0.0
1306272232,Josephine Quach,Pharmacist,11,11895.56,0.0
1306352596,Ayesha Haq,Nurse Practitioner,14,15473.87,38.79
1306498464,Megan Smith,Nurse Practitioner,22,22195.1,0.0
1306810494,Colin Shafer,Cardiology,59,60081.45,0.0
1306836770,Sabah Kadhium,Family Practice,13,9835.55,54.3
1306836994,Melodia Alcantara,Nurse Practitioner,106,126111.87,0.0
1306837927,Amritpal Pannu,Internal Medicine,48,20884.3,0.0
1306855010,Linda Bojorquez,Nurse Practitioner,17,23979.24,0.0
1306857701,Aireen Gutierrez,Geriatric Medicine,38,11275.61,0.0
1306860465,Raffi Minasian,Nephrology,20,21508.92,0.0
1306867460,Christopher Holden,General Practice,26,7364.82,0.0
1306869185,Thomas Russ,Cardiology,21,14175.51,0.0
1306878772,J Zimmer,General Practice,12,7948.22,0.0
1306879283,Mai Phan,Internal Medicine,11,16633.95,0.0
1306886304,Michael Martelli,Emergency Medicine,23,11763.33,0.0
1306919535,Alfred Valles,Undefined Physician type,112,145529.41,0.0
1306923883,Aziz Kamali,Internal Medicine,143,66450.38,167.45
1306971148,Donna Holscher,Family Practice,11,7481.19,0.0
1306986005,Jesus Muro,Pulmonary Disease,11,7388.63,18.42
1306990494,Nasreen Sabir,Family Practice,11,18443.87,0.0
1316008972,Diego Sevilla,Physician Assistant,20,12495.64,0.0
1316039753,Ronald Gim,Cardiology,130,117714.65,287.59
1316067457,Leon Kupferwasser,Cardiology,113,150842.93,124.02
1316091283,Nahid Molaie,Family Practice,15,10424.02,0.0
1316096522,Teferi Mitiku,Internal Medicine,21,22719.53,49.64
1316108491,Srinidhi Ekkati,Physician Assistant,38,32359.91,178.5
1316125941,Mujeeb Altaf,Hospitalist,17,3633.16,0.0
1316162258,David Sanchez,General Practice,13,8589.08,19.5
1316170749,Chandrasekar Palaniswamy,Clinical Cardiac Electrophysiology,129,180689.87,62.75
1316172844,Taib Rawi,Internal Medicine,18,5179.12,0.0
1316196397,Hoang Lai,Cardiology,22,25440.14,23.78
1316206832,Howard Lan,Interventional Cardiology,17,16643.15,0.0
1316236078,Farnaz Azarbal,Cardiology,39,36426.25,0.0
1316247661,Lawrence Tsai,Physician Assistant,33,20838.86,128.74
1316253024,Devin Kehl,Cardiology,38,48943.46,39.36
1316272107,Octaviano Roges,Family Practice,16,20949.78,0.0
1316291925,Edwin Yau,Family Practice,76,61238.05,90.92
1316323736,Arturo Garcia,Physician Assistant,11,6990.28,0.0
1316357007,Olivia Wu,Nurse Practitioner,84,119101.33,0.0
1316393820,Anna Mezentseva,Nurse Practitioner,30,22217.39,0.0
1316394513,Heidi Cung,Pharmacist,93,120406.19,0.0
1316913833,Peter Belott,Cardiology,80,84800.28,0.0
1316919442,Youssry Kelada,Family Practice,29,86196.39,191.98
1316924947,Tze Ip,Cardiology,78,90292.48,0.0
1316956857,Ray Wyman,Interventional Cardiology,127,143682.82,0.0
1316956899,Avinash Mondkar,Cardiology,67,87311.43,396.53
1316976913,Paul Ludmer,Cardiology,43,56485.45,0.0
1316988116,Joseph Rahman,Advanced Heart Failure and Transplant Cardiology,25,28366.9,131.4
1316990070,Dipti Itchhaporia,Cardiology,76,105731.74,100.0
1326039678,Fauzia Khan,Internal Medicine,12,9630.9,0.0
1326043738,Gary Tanouye,Internal Medicine,12,7474.94,0.0
1326047309,Bhoodev Tiwari,Cardiology,233,216160.71,381.71
1326055658,Sangeetha Balakrishnan,Cardiology,56,71063.58,229.44
1326068560,Mark Song,Internal Medicine,36,31406.14,48.76
1326072612,Kelvin Mai,Internal Medicine,19,25851.58,236.66
1326080128,Arman Hekmati,Geriatric Medicine,38,33637.7,147.0
1326086604,Jeffrey Chung,Cardiology,53,64575.34,192.38
1326128950,Linda Rouel,Family Practice,13,9932.11,59.76
1326137589,Clayton Barbour,Internal Medicine,16,11973.94,0.0
1326142688,Satwant Samrao,Internal Medicine,27,11195.51,0.0
1326150590,Peiman Berdjis,Family Practice,38,25640.56,215.7
1326164633,Sameer Amin,Internal Medicine,16,24603.87,2725.0
1326165853,William Arend,Physician Assistant,14,12105.42,0.0
1326185265,Francisco Isolani,Anesthesiology,21,5784.3,0.0
1326189580,George Grifka,Cardiac Surgery,77,118338.33,310.69
1326205873,Christopher Chu,Cardiology,189,149358.36,301.4
1326227265,Luanne Carlson,Family Practice,18,5586.72,0.0
1326246018,Avinash Khitri,Interventional Cardiology,120,123608.84,444.92
1326280231,Tuan Mai,Clinical Cardiac Electrophysiology,13,14418.24,50.27
1326293143,Omid Fatemi,Interventional Cardiology,37,42897.47,203.49
1326333501,Heather Miyashiro,Nurse Practitioner,115,100624.57,0.0
1326401621,Jena Pizula,Internal Medicine,17,13006.77,31.84
1326440488,William Fuller,Physician Assistant,59,70877.83,102.42
1326442401,Kevin Macklin,Physician Assistant,71,99451.36,93.49
1326443649,Teodik Grigorian,Clinical Cardiac Electrophysiology,17,12834.7,0.0
1326445560,Elena Castro,Nurse Practitioner,23,18892.44,61.55
1326466426,Andy Huang,Internal Medicine,15,9960.09,0.0
1326466707,Rola Khedraki,Advanced Heart Failure and Transplant Cardiology,29,37806.74,56.26
1326475724,Nathalie Alfonso,Nurse Practitioner,92,88077.33,0.0
1326570086,Andrew Lin,Internal Medicine,11,6506.73,0.0
1326704354,Chun Chen,Nurse Practitioner,23,18469.94,0.0
1336109149,Huy Truong,Internal Medicine,27,19435.62,0.0
1336130145,Ann Kao,Cardiology,18,19811.89,0.0
1336137850,Kamlesh Desai,Family Practice,31,29360.8,43.07
1336150234,Cheena Ramrakhiani,Cardiology,34,29516.17,0.0
1336162486,Bipin Joshi,Cardiology,134,180010.22,537.55
1336166180,Mehul Sonawala,Internal Medicine,15,9659.98,59.95
1336168616,Sonwoo Lee,Rheumatology,18,17199.64,0.0
1336198878,Ajanta De,Cardiology,27,29046.98,0.0
1336199660,Reza Sharafi,Internal Medicine,72,27240.25,0.0
1336226786,Mina Mikhail,Internal Medicine,15,23476.14,75.18
1336248285,Hetal Bhakta,Cardiology,27,24380.69,36.38
1336256726,John Olowoyeye,Cardiology,90,88065.87,212.42
1336272871,Thomas Nguyen,Internal Medicine,14,12617.49,0.0
1336303718,Alfret Moradian,Family Practice,43,28209.12,0.0
1336342138,Sanjiv Sharma,Cardiology,78,89342.49,33.53
1336343912,Ramanna Merla,Cardiology,262,247000.52,276.87
1336378371,James Kim,Cardiology,21,37927.8,67.45
1336423938,Miaozhen Li,Nurse Practitioner,19,13859.39,43.61
1336443100,Puneet Ghayal,Cardiology,30,20832.72,0.0
1336460914,Timothy Tran,Family Practice,11,7208.17,119.33
1336491521,Arrash Fard,Cardiology,11,18293.12,0.0
1336523331,Allison Geissert,Nurse Practitioner,13,16210.63,0.0
1336569862,Narges Feizabadi,Nurse Practitioner,13,18172.93,0.0
1336583301,Jason Hoff,Interventional Cardiology,35,52641.49,0.0
1336672336,Lindsy Martinez,Internal Medicine,11,4565.32,0.0
1346218740,Praveena Jeereddi,Geriatric Medicine,30,5708.94,21.52
1346219045,Kamran Toluie,Clinical Cardiac Electrophysiology,12,20000.87,0.0
1346222510,Michael Jardula,Internal Medicine,17,14624.91,82.78
1346234952,David Cannom,Clinical Cardiac Electrophysiology,14,10557.11,0.0
1346251451,John Harrington,Cardiology,32,28468.63,0.0
1346254968,Michael Nelson,Internal Medicine,12,7444.33,0.0
1346269370,Magdi Messiha,Internal Medicine,14,4044.35,0.0
1346273497,Emad Khaleeli,Cardiology,20,28211.73,24.11
1346274602,Bruce Benedick,Interventional Cardiology,110,152761.97,0.0
1346274834,Mark Bamberger,Internal Medicine,15,18168.34,55.1
1346281748,Tamara Horwich,Cardiology,32,42056.56,0.0
1346285996,Dana Mcglothlin,Cardiology,26,28720.73,0.0
1346289915,David Shek,General Practice,71,72557.85,35.6
1346297934,Cesar Aranguri,Cardiology,33,26007.73,12.2
1346328945,Richard Kanter,Internal Medicine,11,14181.62,0.0
1346336195,Daniel Wang,Family Practice,16,12632.6,216.52
1346341575,Paymon Banafshe,Internal Medicine,15,4497.61,0.0
1346348638,Anjana Kamdar,Nephrology,25,26649.86,0.0
1346351517,Juan Alvergue,Internal Medicine,122,133409.53,0.0
1346354479,Javed Ahmad,Internal Medicine,19,16562.17,28.8
1346355161,Pam Taub,Cardiology,11,18112.25,18237.25
1346427861,Mohsen El Ramah,Internal Medicine,122,90034.79,16.72
1346459179,Elizabeth Yu,Internal Medicine,12,5206.33,0.0
1346504206,Daniel Kupsky,Cardiology,26,34803.57,21.18
1346515442,Kimberly Hong,Advanced Heart Failure and Transplant Cardiology,72,65232.85,0.0
1346529310,Rachel Sullivan,Family Practice,19,13100.65,0.0
1346530003,Shilpa Shah,Internal Medicine,16,14414.57,0.0
1346597218,Jingyi Wang,Pharmacist,24,23276.8,0.0
1346660727,Lena Awar,Interventional Cardiology,82,91989.75,220.44
1346661105,Chona Pedraja,Nurse Practitioner,37,50074.98,0.0
1346851540,Ana Valdovinos,Physician Assistant,41,40795.53,0.0
1356301220,David Schmidt,Cardiology,63,76262.67,169.73
1356304539,Shyam Nair,Cardiology,39,23809.33,0.0
1356305254,Irmina Gradus-Pizlo,Internal Medicine,13,14055.11,0.0
1356335277,Homayoon Khanlou,Internal Medicine,11,7481.85,0.0
1356360887,Afshine Emrani,Cardiology,172,184195.94,78.68
1356372643,Kelly Tucker,Clinical Cardiac Electrophysiology,185,251409.92,103.66
1356400089,Lutchie Flores-Guintu,Nurse Practitioner,16,20734.04,0.0
1356421408,Richard Levy,Cardiology,22,15383.34,129.09
1356429161,Gurpreet Dhugga,Internal Medicine,44,10522.3,0.0
1356442032,Ronald Hart,Family Practice,73,86402.13,89.08
1356487656,Shashi Sharma,Cardiology,451,535529.63,61.28
1356503791,Dzenan Lulic,Family Practice,16,13681.42,0.0
1356508170,Bradley Messenger,Clinical Cardiac Electrophysiology,258,213784.55,0.0
1356550966,Gurjit Singh,Clinical Cardiac Electrophysiology,20,19097.26,12.97
1356559512,Celina Alpuerto Marchena,Nurse Practitioner,50,63365.3,0.0
1356566699,Adrienne Trustman,Family Practice,12,7943.16,0.0
1356570626,Pooja Swamy,Cardiology,60,45539.21,0.0
1356571681,Kamal Kotak,Clinical Cardiac Electrophysiology,21,15888.98,0.0
1356572770,Vanessa Thompson,Internal Medicine,11,12108.23,0.0
1356579783,Ghassan Mohsen,Cardiology,54,71920.08,0.0
1356635478,Carlos Gonzalez Quesada,Internal Medicine,11,15783.33,35.96
1356647044,Prajapathi Lakireddy,Cardiology,49,69667.27,0.0
1356647788,Richard Shu,Internal Medicine,46,57346.42,14.36
1356670657,Pooya Mobasseri,Family Practice,16,7653.05,0.0
1356704407,Christopher Chen,Cardiology,37,33555.64,20.47
1356711253,James Macfoy,Physician Assistant,31,32578.67,256.34
1366067449,Susann Mischke,Nurse Practitioner,12,12466.58,0.0
1366427064,Elias Banuelos,Family Practice,19,30453.27,0.0
1366428021,Huey Lin,Family Practice,27,5689.48,0.0
1366429680,Marc Ehrich,Interventional Cardiology,25,37958.19,0.0
1366438764,Nassir Azimi,Cardiology,468,584026.88,227.96
1366443053,Jon Sherman,Cardiology,39,32544.15,176.87
1366459075,Sergei Zakharyan,General Practice,12,8078.5,0.0
1366472045,Hakop Oganyan,General Practice,59,45340.46,23.76
1366495574,Tommy Lee,Interventional Cardiology,12,12439.59,0.0
1366517716,Jorge Robles,Family Practice,53,51846.9,41.5
1366520058,Marjon Fariba,Cardiology,55,29094.62,0.0
1366539793,Rodrigo Fernandez,Internal Medicine,24,25641.22,44.95
1366545733,Vitali Aizin,Cardiology,36,41759.64,0.0
1366570707,Adam Baumgarten,Cardiology,29,37988.31,0.0
1366592164,Shailan Shah,Cardiology,44,36484.6,0.0
1366604936,Sandra Oza,Internal Medicine,11,7329.28,0.0
1366627945,Gregor Paronian,Internal Medicine,36,25503.45,63.64
1366636573,Gary Gutkin,Hospitalist,43,15739.65,0.0
1366677577,Kanae Mukai,Nuclear Medicine,23,21177.06,15.0
1366720211,Jad Omran,Interventional Cardiology,177,162080.88,144.28
1366739880,Ali Nsair,Cardiology,90,112479.39,0.0
1366760027,Talwinderdeep Kahlon,Cardiology,15,17903.32,0.0
1366833899,Assanassios Moussa Faltas,Family Practice,24,32002.85,127.49
1366860074,Ali Naqvi,Internal Medicine,12,9431.71,0.0
1376050823,Andrea Giovanelli,Physician Assistant,22,22311.51,0.0
1376138388,Anthony Serrato,Nurse Practitioner,17,28235.62,54.24
1376503144,Iduama Kelly-Dokubo,Cardiology,74,56183.95,38.65
1376511188,Ali Hamzei,Clinical Cardiac Electrophysiology,31,40422.79,169.81
1376514661,Jaykumar Shah,Internal Medicine,12,12149.14,67.96
1376521005,Robert Doria,Interventional Cardiology,123,120599.26,0.0
1376533638,Richard Andolsen,Family Practice,14,13173.79,0.0
1376547000,Michael Dam,Cardiology,52,42799.2,0.0
1376547299,Dennis Brooks,Interventional Cardiology,14,21456.01,20.76
1376550657,Patricia Castillo,Physician Assistant,12,7382.92,0.0
1376553891,Bob Hu,Cardiology,44,49759.16,0.0
1376557132,Shun Sunder,Cardiology,208,217763.16,0.0
1376562462,Gerald Murphy,Internal Medicine,19,11004.28,0.0
1376567776,Mir Ali,Cardiology,45,37453.55,0.0
1376593657,Gnyandev Patel,Internal Medicine,17,8958.11,0.0
1376593871,Riaz Ahmed,Cardiology,66,78798.86,0.0
1376594267,Philip Bach,Cardiology,218,245260.0,0.0
1376596403,Anahit Blikian,General Practice,32,21720.22,24.12
1376605717,Melanchton Mangoba,Internal Medicine,25,11976.83,20.0
1376640227,Robert Tang,Internal Medicine,17,11181.83,0.0
1376681973,Silvester Lim,Family Practice,13,11597.05,0.0
1376684902,Jeffrey Gramer,Internal Medicine,13,19099.98,0.0
1376691014,Ann Kim,Internal Medicine,16,16914.75,0.0
1376691204,Kamyar Haghani,Internal Medicine,43,33289.72,0.0
1376693325,Sendhil Krishnan,Cardiology,30,33419.72,184.0
1376697151,Hany Zaki,Internal Medicine,23,36341.74,0.0
1376722736,Altaf Ali,Cardiology,166,222865.83,0.0
1376779579,Amit Sachdeva,Internal Medicine,16,23684.19,0.0
1376781575,Vipul Gupta,Cardiology,28,26285.76,0.0
1376795914,Stephanie Pilkington,Nurse Practitioner,59,82580.34,177.53
1376796938,Harn-Cherng Shiue,Cardiology,23,29562.35,0.0
1376835595,Rudolph Chang,Family Practice,14,19946.26,0.0
1376853622,Emily Dong,Physician Assistant,13,8854.89,0.0
1376911131,Bernadette Guia,Nurse Practitioner,15,10171.01,0.0
1376955773,William Hindle-Katel,Cardiology,36,30936.74,0.0
1386096345,Christopher Brana,Internal Medicine,15,14442.06,20.1
1386264794,Keon Pearson,Student in an Organized Health Care Education/Training Program,20,14076.59,0.0
1386294460,Samira Shokoor,Nurse Practitioner,12,13642.97,43.47
1386624377,James Feeney,Cardiology,34,34602.18,0.0
1386628212,Kent Wong,Cardiology,44,67680.23,0.0
1386638153,Steven Burstein,Interventional Cardiology,51,60678.81,31.75
1386640522,Adrian Shandling,Cardiology,70,95091.63,379.68
1386645760,Randy Karu,Family Practice,115,74969.62,60.62
1386655843,Ben Zandpour,Internal Medicine,12,7953.89,0.0
1386656114,Joey Santos,Internal Medicine,33,7829.04,40.38
1386659167,Raymond Jennings,Internal Medicine,58,20083.74,0.0
1386662922,Donald Huey,Internal Medicine,14,10446.81,0.0
1386663805,Denise Petersen,Nurse Practitioner,264,319086.63,34.86
1386673457,Kiran Khush,Cardiology,16,24051.93,0.0
1386675981,Silpa Avula,Cardiology,29,24279.01,52.0
1386678902,Peter Chang Sing,Clinical Cardiac Electrophysiology,73,55657.29,0.0
1386683480,Shelley Park,Nurse Practitioner,84,66416.95,0.0
1386689453,Loraine Diego,Family Practice,15,2631.68,0.0
1386690915,Thomas Lagrelius,Family Practice,14,17544.58,0.0
1386697514,Robert Woods,Hospitalist,11,7467.73,0.0
1386711307,Godofredo Gutierrez,Cardiology,12,10568.2,0.0
1386718385,Richard Huynh,Family Practice,13,18289.78,0.0
1386735777,Pavel Polskiy,Family Practice,27,29513.19,213.42
1386740421,Nallathamby Thayapran,Cardiology,31,35348.96,0.0
1386746287,Stephen Datu,Internal Medicine,12,7988.6,0.0
1386746931,Anil Patel,Cardiology,149,126450.95,0.0
1386821460,Steven Rough,Interventional Cardiology,97,120777.03,167.35
1386836484,Manoj Kesarwani,Interventional Cardiology,22,28939.3,0.0
1386894830,Nina Yen,Pharmacist,28,24764.74,0.0
1386896736,Jesse Naghi,Cardiology,102,131918.76,248.99
1386907038,Yangdong He,Hospitalist,28,9343.73,0.0
1386909273,Gerardo Murguia,Physician Assistant,18,15324.91,0.0
1386929453,Erika Jones,Cardiology,11,17870.84,0.0
1396003257,Tishangi Kumar Agrawal,Advanced Heart Failure and Transplant Cardiology,165,143624.61,156.38
1396032751,Saurabh Aggarwal,Cardiology,43,43866.21,167.94
1396036554,Jill Goldstein,Physician Assistant,37,55075.2,161.86
1396049029,Sarah Elsayed,Cardiology,23,22039.96,230.01
1396058095,Jeffrey Harrell,Interventional Cardiology,11,9617.47,0.0
1396162525,Hardik Patel,Cardiology,24,15827.11,0.0
1396273785,Brittany Wertz,Family Practice,19,5533.44,0.0
1396276895,Jeremy Kong,Student in an Organized Health Care Education/Training Program,16,14436.89,0.0
1396353066,Jennifer Briner,Nurse Practitioner,20,34011.42,0.0
1396395950,Hyo Lee,Nurse Practitioner,51,59259.02,0.0
1396700019,Monica Gandhi,Internal Medicine,12,6772.45,0.0
1396711917,Tin Way,Interventional Cardiology,21,15329.37,0.0
1396712303,Hermenegildo Angeles,Internal Medicine,24,4527.88,0.0
1396714937,Michael Krueger,Cardiology,557,790477.95,232.67
1396717450,Robert Rose,Cardiology,50,57244.95,35.96
1396727764,Hong Kim,Internal Medicine,14,9135.1,217.37
1396731840,Neil Sawhney,Interventional Cardiology,130,167029.71,0.0
1396732855,Ramesh Rathod,Interventional Cardiology,51,41811.62,0.0
1396772786,Kirsten Tolstrup,Cardiology,13,8853.79,0.0
1396775474,Marcel Filart,Geriatric Medicine,11,2602.84,0.0
1396775847,Ratan Tiwari,Cardiology,45,47757.05,176.64
1396776746,Jairo Marin,Interventional Cardiology,135,170398.04,449.22
1396783387,Bret Witter,Cardiology,29,45684.19,23.13
1396783585,Mark Dang,Cardiology,19,28030.82,15.86
1396817474,Nick Majetich,Interventional Cardiology,26,46839.59,0.0
1396827358,Robert Gross,Internal Medicine,11,2072.38,0.0
1396828844,Khaldoun Sroujieh,Cardiology,150,149892.24,118.62
1396833265,John Hewitt,Internal Medicine,12,8001.57,34.14
1396857181,Alvin Chang,Internal Medicine,36,16137.13,0.0
1396907119,Moinakhtar Lala,Interventional Cardiology,68,89476.5,431.22
1396924189,Kenneth Tway,Cardiology,53,55452.21,14.34
1396934188,Alex Harrison,Cardiology,44,32999.01,102.98
1396939526,Khai Do,Internal Medicine,11,7597.43,89.09
1396943254,Vidya Narayan,Internal Medicine,90,84369.18,0.0
1396978193,Jana Svetlichnaya,Cardiology,42,31771.32,0.0
1396990560,Ankur Gupta,Cardiology,45,52481.68,16.04
1407042955,Kathy Thompson,Internal Medicine,52,7866.22,0.0
1407046402,Aravind Swaminathan,Cardiology,244,185645.65,0.0
1407065790,Christina Economides,Interventional Cardiology,45,65674.01,90.89
1407083470,Jason Choi,Internal Medicine,57,46520.76,12.6
1407099799,Hirsch Mehta,Advanced Heart Failure and Transplant Cardiology,51,74085.83,78.09
1407113558,Aaron Yung,Interventional Cardiology,20,21530.06,22.23
1407122823,Jennifer Springer,Cardiology,13,14086.44,60.83
1407172562,Ting Tsai,Cardiology,43,62435.42,213.07
1407203573,Trina Eagal,Nurse Practitioner,168,136964.15,0.0
1407218936,Jose Zepeda,Nurse Practitioner,11,10869.4,0.0
1407240096,William Wung,Cardiology,14,20174.03,21.64
1407247505,Nidia Guadian,Nurse Practitioner,33,41732.83,0.0
1407386642,Kamaljeet Kaur,Nurse Practitioner,63,95634.45,208.53
1407494818,Thomas Pickett,Physician Assistant,14,12148.04,0.0
1407811128,Walter Edmiston,Cardiology,47,63333.16,44.77
1407812449,Michael Radin,Cardiology,46,48791.3,218.75
1407813322,Hector Gonzalez,Family Practice,13,11649.3,68.28
1407816820,Khoi Le,Cardiology,59,58426.27,0.0
1407842933,Brian Estabrook,Physician Assistant,18,23634.82,156.35
1407844608,Gholam Zadeii,Internal Medicine,81,64046.88,0.0
1407851777,Nina Maw Maw,Family Practice,17,14112.67,110.12
1407854599,Richard Gerber,Interventional Cardiology,236,246651.19,38.0
1407863756,Michael Fong,Advanced Heart Failure and Transplant Cardiology,68,89668.84,0.0
1407863913,Rodney Swenson,Family Practice,14,14729.23,0.0
1407865959,Ted Yang,Cardiology,78,96984.73,368.81
1407868433,Lilia Wexley,Family Practice,11,7467.33,70.07
1407870652,Jeffrey Allan,Internal Medicine,11,8091.61,73.04
1407876436,Thomas Togioka,Cardiology,24,26635.38,0.0
1407885403,Andrew Frutkin,Cardiology,67,89445.93,23.15
1407885577,Luis Artavia,Family Practice,11,9577.89,0.0
1407886799,Bindusagar Reddy,Cardiology,234,240196.58,0.0
1407901838,Alison Atkinson,Nurse Practitioner,22,22278.26,254.48
1407902331,Vinod Gupta,Cardiology,105,90536.91,41.68
1407904089,Chengalroyan Raghunathan,Cardiology,112,94355.37,44.28
1407906357,Tracy Huynh,Interventional Cardiology,24,17697.84,0.0
1407934029,Magdy Tawadrous,Cardiology,16,17784.82,0.0
1407948847,Daniel Lamont,Cardiology,33,37568.39,266.17
1407981889,Randall Vagelos,Cardiology,56,62494.76,0.0
1407992001,James Lai,Interventional Cardiology,13,21240.04,0.0
1407997406,Jay Pandhi,Cardiology,21,19728.51,0.0
1417001058,Philip Zhuo,Family Practice,11,7495.75,0.0
1417008772,Shahriar Jarchi,Internal Medicine,22,11038.89,0.0
1417026493,Radhakrishan Gandhi,Interventional Cardiology,61,76943.5,305.06
1417035023,Gerald Hom,Internal Medicine,15,14361.15,118.06
1417035098,Valeh Aminian,Internal Medicine,12,12364.7,0.0
1417057068,Jonathan Tye,Cardiology,121,95059.74,444.98
1417062894,Ronald Kwok,Internal Medicine,12,11160.61,0.0
1417068511,Bhupinder Bhandari,Gastroenterology,18,15776.09,24.4
1417079989,Kenneth Lucero,Family Practice,43,38915.3,0.0
1417096363,Bosheng Qiu,Internal Medicine,56,32380.98,113.94
1417104837,Paul Kim,Advanced Heart Failure and Transplant Cardiology,44,62887.83,0.0
1417117771,Soha Ahmad,Interventional Cardiology,28,25872.94,0.0
1417118639,David Portier,Internal Medicine,15,4441.46,0.0
1417131236,Agustin Rubio,Family Practice,19,19723.03,0.0
1417157652,Mitul Kadakia,Interventional Cardiology,30,38583.98,0.0
1417160771,Michael Johnston,Internal Medicine,120,109897.0,0.0
1417164518,Ramiz Elias,Internal Medicine,35,27600.61,0.0
1417186438,Nancy Luo,Advanced Heart Failure and Transplant Cardiology,120,117747.34,0.0
1417226655,Genevieve Lynch,Nurse Practitioner,143,102939.79,23.06
1417263450,Obai Abdullah,Interventional Cardiology,28,31933.55,0.0
1417398728,Vijaykanth Mahendrakar,Family Practice,18,15501.63,0.0
1417429283,Elizabeth Mcgee,Nurse Practitioner,57,78565.09,0.0
1417446717,Jordan Hauer-Laurencin,Physician Assistant,19,25087.16,0.0
1417457094,Ashraf Hosseinian,Nurse Practitioner,12,11647.05,0.0
1417472531,Mei Ngai,Nurse Practitioner,12,7487.28,0.0
1417919507,Garo Pehlevanian,Cardiology,18,12280.48,241.93
1417939596,Dinesh Samant,Cardiology,23,31928.26,12.33
1417951963,Alejandro Gil,Internal Medicine,69,54789.47,90.44
1417955287,Donald Hopkins,Cardiology,168,198352.08,26.45
1417960071,Steven Anton,Cardiology,36,32920.15,0.0
1417963661,Tai Wu,Internal Medicine,15,8470.12,0.0
1417985276,Walter Savage,Cardiology,15,25990.11,39.31
1427000850,Maureen Mavrinac,Family Practice,17,8289.68,0.0
1427004977,Ramin Ashtiani,Cardiology,195,156145.93,218.35
1427025766,Raman Moradkhan,Clinical Cardiac Electrophysiology,29,29231.04,0.0
1427041060,Ara Tilkian,Cardiology,101,100772.13,29.84
1427041078,Isaac Wiener,Clinical Cardiac Electrophysiology,14,20721.08,0.0
1427048032,Billie Green,Internal Medicine,12,6830.24,0.0
1427052802,Warren Johnston,Cardiology,63,79425.43,22.57
1427062942,Carl Schlosser,Family Practice,20,20165.2,0.0
1427078781,Jose Diaz,Family Practice,14,12954.21,0.0
1427082882,Rajagopal Krishnan,Interventional Cardiology,37,46005.25,0.0
1427090091,Daniel Cruz,Cardiology,232,264995.98,0.0
1427104256,Santosh Oommen,Clinical Cardiac Electrophysiology,16,23131.6,0.0
1427119536,Rajendra Prasad,Internal Medicine,38,18583.34,119.52
1427137553,Hemal Parekh,Cardiology,86,139509.9,0.0
1427150952,Harry Balian,Cardiology,258,204473.96,435.88
1427173939,Julie Martin,Internal Medicine,96,70393.88,0.0
1427177054,Shannon Mcbain,Nurse Practitioner,150,146594.51,0.0
1427218973,Van Selby,Internal Medicine,45,32776.67,0.0
1427233493,Poulina Uddin,Cardiology,60,55395.07,21.41
1427236678,Catherine Firmin,Nurse Practitioner,19,11680.33,0.0
1427240639,Nirav Mamdani,Cardiology,19,31705.06,99.68
1427244557,Ranjit Rajpal,Cardiology,73,110600.85,0.0
1427248319,Yi Wang,Family Practice,17,12790.22,65.18
1427256577,Jason Gajarsa,Internal Medicine,77,69374.9,0.0
1427260629,Scott Vasconcellos,Cardiology,19,29592.71,38.24
1427291004,Sara Halverson,Family Practice,13,25348.25,0.0
1427320704,Michael Tehrani,Internal Medicine,18,4918.31,0.0
1427343532,Pamela Maur,Cardiology,65,92861.95,24.65
1427369271,David Cork,Cardiology,58,43516.74,45.86
1427384221,Zaher Fanari,Cardiology,22,21367.2,18.08
1427426568,Anna Rourke,Nurse Practitioner,25,19494.24,0.0
1427439967,Jennifer Shrestha,Family Practice,17,13031.95,0.0
1427476555,David Wee,Cardiology,38,35744.5,0.0
1427503515,Michael Flores,Physician Assistant,18,26661.94,0.0
1437109683,Eugene Soroka,Family Practice,13,10683.99,0.0
1437109949,Michael Galloway,Cardiology,33,61862.56,0.0
1437116142,John Homan,Internal Medicine,23,10521.45,0.0
1437122538,Zi-Jian Xu,Cardiology,148,153380.09,121.44
1437122991,Jagbir Powar,Cardiology,13,9934.2,0.0
1437125770,Tejas Patel,Internal Medicine,31,29221.23,241.92
1437147923,Richard Axelrod,Cardiac Surgery,24,29129.22,0.0
1437151180,Jacob Rubin,Cardiology,41,38186.23,213.57
1437165602,Dino Clarizio,Internal Medicine,18,13220.12,23.56
1437191327,Robert Schatz,Cardiology,49,52400.9,0.0
1437197639,Suk Chung,Nurse Practitioner,11,16768.32,0.0
1437216090,Karina Arzumanova,Internal Medicine,20,13573.32,24.83
1437225174,Suman Patel,Internal Medicine,50,24484.11,0.0
1437230190,Arvind Salwan,Internal Medicine,14,11541.11,33.38
1437235942,Valerie Kwai Ben,Cardiology,116,94854.77,0.0
1437237922,Goffa Beh,Family Practice,13,8555.34,0.0
1437239530,Filip Fattohi,Cardiology,23,33311.51,0.0
1437248572,Michele Burns,Physician Assistant,19,8893.09,0.0
1437256906,William Sim,Internal Medicine,16,12957.93,23.08
1437285095,Arvind Nirula,Cardiology,63,64493.07,214.98
1437288073,Siavash Karimian,Family Practice,20,6288.6,131.66
1437329562,Deepu Nair,Cardiology,43,74983.27,0.0
1437403599,Patricia Lucken,Nurse Practitioner,82,62616.91,0.0
1437416625,Tin Nguyen,Cardiology,116,122865.14,0.0
1437426699,Richard Cheng,Advanced Heart Failure and Transplant Cardiology,28,27303.64,0.0
1437448511,Edris Aman,Cardiology,11,16247.36,0.0
1437472073,Jie Yang,Cardiology,16,29474.14,0.0
1437478880,Carolin Sherf,Physician Assistant,92,76481.49,121.92
1437488160,Catherine Konyn,Nurse Practitioner,14,8638.81,0.0
1437538485,Jessica Weaver,Nurse Practitioner,86,86138.62,358.4
1437539848,Mona Sultan,Family Practice,12,3405.75,0.0
1437546405,Lindsay Ahmed,Cardiology,17,23105.8,22.72
1437577343,Mark Gobrial,Internal Medicine,120,34445.29,0.0
1437593878,John Bautista,Hospitalist,13,4522.47,0.0
1437598695,Jessica Lin,Physician Assistant,58,65797.79,0.0
1437626181,Kevin Kilmurray,Physician Assistant,26,16126.36,85.36
1447212691,Jerry Ginsburg,Cardiology,27,40732.58,0.0
1447226824,Minh Bui,Cardiology,28,25443.36,0.0
1447252218,Roman Leibzon,Cardiology,16,27559.1,0.0
1447256565,Mason Weiss,Interventional Cardiology,76,98335.36,223.86
1447270418,Xanthe Victoria,Family Practice,50,15742.49,0.0
1447271036,Young-Jik Lee,Internal Medicine,18,8181.19,77.53
1447279427,Alysia Schwarz,Nurse Practitioner,21,6148.89,0.0
1447292545,Sinjin Lee,Internal Medicine,124,93890.28,0.0
1447294715,Jasmin Javaherian,Internal Medicine,19,12829.43,319.25
1447302823,Serap Sobnosky,Cardiology,55,53806.38,0.0
1447303565,Bryan Ristow,Internal Medicine,80,68651.44,0.0
1447329883,Michael Robinson,Family Practice,15,10234.55,0.0
1447341409,Viney Soni,Pulmonary Disease,14,9377.55,162.95
1447342704,Nabat Mirpourian,Nurse Practitioner,11,8102.35,44.32
1447348149,Luzviminda Montecillo,Internal Medicine,26,28988.98,0.0
1447348495,Bennett Zier,Geriatric Medicine,13,3924.98,0.0
1447349519,Nancy Kuljian,Nurse Practitioner,17,16854.91,92.05
1447358981,Anait Galfaian,Family Practice,51,36998.6,0.0
1447366018,Ara Soghomonian,Internal Medicine,32,17197.68,54.18
1447396809,Vachik Shahnazarian,General Practice,14,9473.95,0.0
1447423298,Irene Marker,Nurse Practitioner,19,24499.83,0.0
1447458138,Marilyn Wong,Internal Medicine,11,1606.74,0.0
1447491147,Tamara Chaker,Nurse Practitioner,130,104837.67,0.0
1447829858,Juri Lee,Pharmacist,71,67432.56,0.0
1457302812,Prem Salhotra,Internal Medicine,29,28043.99,0.0
1457329179,Hoang Nguyen,Internal Medicine,13,23663.63,0.0
1457333478,Widchanun Praserthdam,Cardiology,51,46001.0,0.0
1457349086,Elaine Gecht,Internal Medicine,17,5139.85,0.0
1457360950,Ramakrishna Reddy,Cardiology,60,92320.02,56.31
1457364655,Nolan Mayer,Cardiology,54,84609.14,119.2
1457424004,Caesar Julian,Family Practice,21,3966.39,0.0
1457433971,Bruce Woodling,Family Practice,16,6437.22,0.0
1457441974,Basem Farag,Family Practice,12,8094.3,23.61
1457445124,Eddie Pyune,Family Practice,54,39999.45,139.55
1457446684,Brett Berman,Cardiology,48,57910.18,0.0
1457446957,Edward Yoon,Cardiology,135,156465.52,0.0
1457493843,Francois Haddad,Cardiology,15,11162.8,0.0
1457504029,Daniel Daneshvar,Cardiology,46,30609.06,0.0
1457529174,Christopher Wong,Internal Medicine,11,7403.05,0.0
1457553620,Katayoun Motlagh,Family Practice,11,3304.71,0.0
1457569303,Malhar Patel,Cardiology,17,21562.11,21.84
1457592073,Anthony Chyou,Cardiology,75,95311.27,0.0
1457637340,Kevin Pape,Physician Assistant,84,92466.4,12.69
1457643298,Bhavik Khatri,Cardiology,61,57346.62,229.84
1457650038,Timothy Canan,Cardiology,14,16662.48,0.0
1457653602,Henry Horton,Internal Medicine,11,11596.5,0.0
1457747180,Suegene Lee,Cardiology,24,37827.64,0.0
1457748840,Pavan Reddy,Student in an Organized Health Care Education/Training Program,22,18489.39,0.0
1457758906,Eyson Concepcion,Nurse Practitioner,12,8157.35,76.95
1457770240,Jose Cruz Rodriguez,Cardiology,13,16915.3,0.0
1457858714,Diane Padre-Gozun,Family Practice,17,15196.52,85.58
1467016675,Farah Dourra,Physician Assistant,12,14572.63,46.8
1467093377,Elsa Owens,Nurse Practitioner,13,15091.6,0.0
1467401042,Venu Prabaker,Internal Medicine,57,59040.29,58.44
1467409763,Gregory Engel,Clinical Cardiac Electrophysiology,28,30652.1,0.0
1467412304,Scott Zager,Cardiology,32,36540.48,234.63
1467419366,William Madrid,Cardiology,152,152311.93,233.28
1467423772,Juan Acosta,General Surgery,13,10102.03,0.0
1467429191,Raghava Gollapudi,Interventional Cardiology,14,19033.85,52.3
1467450155,James Dacus,Internal Medicine,40,27550.17,18.85
1467455212,Mikhail Malek,Interventional Cardiology,25,20236.26,22.26
1467458018,Paul Natterson,Cardiology,19,13495.37,52.18
1467458729,Robin Spiering,Internal Medicine,29,23482.37,97.08
1467476614,Thuyhan Tran,Internal Medicine,16,17236.86,0.0
1467477885,Daniel Manavi,Cardiology,19,12955.32,19.99
1467480137,Arinder Chadha,Internal Medicine,55,20692.89,0.0
1467490441,Abbas Chothia,Cardiology,58,58146.34,12.71
1467493155,Timothy O'neill,Cardiology,50,63740.24,180.12
1467499582,Frederick Lindberg,Family Practice,15,7273.25,41.82
1467524520,Rohit Bhaskar,Cardiology,50,61252.8,0.0
1467524546,Roy Kaku,Cardiology,18,17470.03,0.0
1467530121,Vagharshak Pilossyan,Internal Medicine,52,36785.96,106.98
1467530220,Leo Chi,Internal Medicine,11,12958.15,0.0
1467540203,Antoine Hage,Advanced Heart Failure and Transplant Cardiology,37,41735.21,0.0
1467548073,Jon Kobashigawa,Advanced Heart Failure and Transplant Cardiology,60,86526.59,0.0
1467557454,Jeffrey Mullvain,Cardiology,108,112391.82,195.02
1467562249,Daljinder Takhar,Family Practice,32,10240.1,195.88
1467618249,Christopher Toupin,Family Practice,42,22259.24,148.4
1467689869,Ajay Yadlapati,Interventional Cardiology,18,16705.54,0.0
1467712604,Cesar Palana,Internal Medicine,12,3585.69,0.0
1467773176,Kamil Muhyieddeen,Cardiology,76,72743.37,122.66
1467867135,Mohitkumar Ardeshana,Internal Medicine,15,11405.67,0.0
1467871673,Rami Michael,Internal Medicine,15,13542.55,0.0
1467890368,Christopher Hom,Cardiology,29,29498.29,0.0
1467915595,Parminder Chatha,Nurse Practitioner,52,50886.58,0.0
1477024370,Kimberly Johnson,Nurse Practitioner,41,61122.95,0.0
1477067981,Eneh-Lieh Ancheta,Nurse Practitioner,14,11101.57,0.0
1477106813,Alina Lund,Nurse Practitioner,21,6121.6,0.0
1477501799,Wageh Azer,Internal Medicine,22,24753.75,0.0
1477503308,Chidambaram (Chad) Rammohan,Interventional Cardiology,24,28120.52,0.0
1477504330,Russell Ching,Cardiology,28,39271.29,0.0
1477518454,Gregory Giesler,Cardiology,161,139618.95,393.98
1477523991,Kevin Wong,Internal Medicine,12,8123.22,0.0
1477532018,Richard Ha,Cardiology,149,124397.93,17.58
1477533461,Daniel Oneill,Cardiology,28,49914.12,0.0
1477536738,Haroutioun Mesrobian,Cardiology,894,650898.78,140.54
1477545531,Enrique Ramos,Family Practice,17,21045.79,40.01
1477550648,Rajiv Bhavsar,Internal Medicine,37,27567.13,0.0
1477562718,Isaac Gorbaty,Nephrology,16,12068.41,0.0
1477578805,Phillip Levine,Cardiology,21,19697.7,18.84
1477592806,Jeffrey Denham,Internal Medicine,11,20160.62,81.75
1477596831,Raymond Chang,Cardiology,116,118460.02,0.0
1477612752,Kanwaljit Gill,Cardiology,280,314250.8,43.62
1477612877,Athar Ansari,Cardiology,343,250209.2,32.41
1477623635,Kevin Pham,Nephrology,11,9090.89,24.75
1477625945,Vahe Badalian,Cardiology,15,10240.38,43.11
1477631133,Anuradha Khurana,Cardiology,92,118653.01,0.0
1477638492,David Ploss,Cardiology,67,55008.06,12.41
1477638997,Phuong Thai,Pharmacist,63,63743.78,0.0
1477659266,Shahram Naiem,Cardiology,12,12614.0,319.32
1477699601,Eric Adler,Advanced Heart Failure and Transplant Cardiology,107,95160.88,0.0
1477709426,Jennifer North,Nurse Practitioner,16,6374.93,0.0
1477710671,Dorinna Mendoza,Cardiology,74,113853.01,0.0
1477711521,Christopher Gordon,Family Practice,11,8845.75,0.0
1477714897,Karim El-Sherief,Cardiology,91,103912.03,172.68
1477737369,Shivanand Pole,Internal Medicine,16,6921.43,18.12
1477739597,Andreas Mauer,Cardiology,174,149993.66,279.61
1477745578,Rishi Kaushal,Cardiology,25,36870.74,0.0
1477751667,Jimi Benson,Internal Medicine,75,24557.05,76.5
1477756815,Taylor Holve,Cardiology,167,158996.64,0.0
1477819829,Salvador Hernandez,Family Practice,16,11579.29,0.0
1477857290,Antreas Hindoyan,Interventional Cardiology,167,132017.5,0.0
1477947364,Nadia Mohamedi,Family Practice,15,13334.03,0.0
1477998375,Avetis Hekimian,Internal Medicine,80,87378.62,0.0
1487064119,Yong Ji,Cardiology,28,39414.12,90.07
1487163325,Tandy Tiramai,Physician Assistant,91,93221.55,94.51
1487611638,Karl Vogelbach,Cardiology,116,118505.59,326.07
1487611679,Douglas Yun,Cardiology,83,98054.0,388.52
1487614798,Eric Sontz,Cardiology,71,116518.75,37.18
1487626412,Sanjay Yadlapalli,Cardiology,78,78671.57,0.0
1487627261,Paul Chang,Internal Medicine,59,43572.46,165.59
1487629564,Arvinder Bir,Family Practice,13,21184.8,20.42
1487633764,Ajit Khaira,Internal Medicine,75,109132.82,126.58
1487634879,Sergio Manubens,Cardiology,146,253199.54,20.08
1487635546,Gholamreza Pourzia,Cardiology,189,196745.02,341.18
1487659637,Mahmoud Eslami Farsani,Cardiology,41,40227.59,44.23
1487660833,Michael Chan,Cardiology,58,56784.96,322.93
1487670485,Mohd. Qaisar Khan,Internal Medicine,11,6971.33,37.99
1487708343,Ashis Mukherjee,Interventional Cardiology,95,125624.67,211.49
1487709747,Dan Tran,Geriatric Medicine,19,28727.23,17.5
1487726550,Eleanor Vierra,Nurse Practitioner,50,48379.01,0.0
1487730123,Rodney Ranaei,Clinical Cardiac Electrophysiology,94,112814.9,0.0
1487738464,Bjoern Laurberg,Cardiology,46,43060.26,0.0
1487739835,Haritha Alla,Cardiology,15,19795.18,0.0
1487742961,Peter Le,Physician Assistant,49,32658.06,0.0
1487744819,Raef Elsanadi,Internal Medicine,11,6671.67,0.0
1487754909,Jean Pigford,Physician Assistant,11,13042.81,0.0
1487759007,Alisa Oberschelp,Internal Medicine,21,13902.52,0.0
1487802674,Tam Huynh,Internal Medicine,12,13094.57,0.0
1487810131,Jason Fletcher,Internal Medicine,31,11041.01,0.0
1487811212,Nikhil Daga,Interventional Cardiology,86,128758.25,458.62
1487816211,Raj Khandwalla,Cardiology,66,87478.5,0.0
1487817383,David Lao,Interventional Cardiology,12,10402.92,0.0
1487838660,Laura Russo Herrera,Internal Medicine,16,22905.77,0.0
1487850897,Yang Xue,Internal Medicine,12,12253.52,0.0
1487943510,Mark Lee,Cardiology,13,8336.59,343.2
1487946893,Christopher Nerantzinis,Family Practice,19,10855.26,20.34
1487951596,Allison Reilly,Nurse Practitioner,28,15404.72,0.0
1487953865,Kevin Alexander,Cardiology,62,59360.47,0.0
1487976668,Mohammad Rezvani,Internal Medicine,13,10447.83,0.0
1497010391,Jun Xu,Internal Medicine,14,11283.86,24.22
1497068688,David Chan,Hospitalist,15,4191.71,0.0
1497078752,Asim Rafique,Cardiology,13,10526.53,0.0
1497138499,Shyam Kolangara,Internal Medicine,19,15964.73,0.0
1497141071,Sera Ramadan,Internal Medicine,11,4990.0,0.0
1497173579,Alexandra Teng,Internal Medicine,68,60220.39,0.0
1497187090,Pailai King,Nurse Practitioner,17,22874.36,240.0
1497191738,Duong Le,Cardiology,23,38573.06,0.0
1497217889,Joy Magno,Nurse Practitioner,86,124311.98,0.0
1497221832,Sean Parker,Physician Assistant,14,9464.89,0.0
1497247332,Daniel Ayala,Internal Medicine,14,3421.76,0.0
1497338958,Athmar Yaldo,Nurse Practitioner,36,37353.46,0.0
1497704522,Rajesh Ranadive,Internal Medicine,23,6973.79,0.0
1497706147,Michael Silao,Family Practice,25,10674.11,24.84
1497715023,Lorianna Fletcher,Cardiology,107,96535.71,0.0
1497727309,Charles Swerdlow,Clinical Cardiac Electrophysiology,17,17853.05,0.0
1497737191,John Kao,Cardiology,58,54185.17,174.79
1497742381,Robert Davidson,Cardiology,20,12807.72,445.26
1497751689,Robert Chesne,Cardiology,60,50497.8,233.43
1497768683,John Choie,Internal Medicine,16,11366.56,0.0
1497774434,Benjamin Romick,Cardiology,37,44920.64,0.0
1497784813,Thomas Holly,Cardiology,47,47249.48,0.0
1497791693,Teresa Daniele,Cardiology,26,19052.57,0.0
1497792204,Euan Ashley,Cardiology,22,29900.54,0.0
1497802003,Khai Tran,Family Practice,14,12599.06,0.0
1497802094,Andres Gavino De La Llana,Internal Medicine,23,15914.77,0.0
1497807853,Keino Rutherford,Internal Medicine,21,5265.66,0.0
1497826283,Jose Arias-Vera,Internal Medicine,13,17068.33,0.0
1497826325,Janki Shah,Cardiology,11,19518.29,0.0
1497827448,Mark Urman,Cardiology,45,43257.5,19.9
1497828586,Shu Wing Chan,Internal Medicine,39,41513.63,0.0
1497832661,Samuel Park,Family Practice,11,7434.85,0.0
1497834352,Gary Lee,Internal Medicine,13,3969.94,0.0
1497846638,Sofia Vaisman,Family Practice,40,40119.09,45.82
1497857395,Donna Crowley,Physical Medicine and Rehabilitation,26,7968.08,0.0
1497859433,James Greenberg,Internal Medicine,24,15756.28,24.47
1497868251,Shrikant Tamhane,Family Practice,24,10320.93,30.52
1497871438,Deyi Zheng,Family Practice,14,22082.64,43.16
1497990246,Flora David,Nurse Practitioner,250,211487.7,33.67
1508011958,Megha Agarwal,Cardiology,41,44970.43,0.0
1508031949,Amir Sadrzadeh Rafie,Interventional Cardiology,598,545092.83,434.46
1508046897,Ko Yamada,Cardiology,18,26769.37,0.0
1508057316,Kay Roberts,Physician Assistant,15,13712.53,119.79
1508096918,Jill Rushton-Miller,Family Practice,12,7376.51,0.0
1508145863,Linda Lam,Internal Medicine,11,6829.09,0.0
1508181959,Debra Bugbee,Nurse Practitioner,77,91834.79,107.05
1508317843,Anaita Panthaky,Nurse Practitioner,20,18223.33,119.32
1508414012,Alyson Oblock,Physician Assistant,23,37036.29,43.4
1508529561,Brooke Heying,Physician Assistant,19,17299.29,33.78
1508809856,David Vizel,Internal Medicine,183,122861.03,0.0
1508825662,Alfred Caruso,Family Practice,11,8892.59,0.0
1508826363,Lester Padilla,Cardiology,48,56265.0,19.34
1508826488,Robert Chan,Internal Medicine,11,8422.83,0.0
1508828310,Pamela Simmons,Family Practice,14,9529.46,0.0
1508835463,Rohit Sundrani,Interventional Cardiology,68,90788.93,0.0
1508836727,Bikram Soni,Cardiology,155,128329.31,84.34
1508838541,Daniel Ebenezer,Cardiology,72,68051.33,277.54
1508847831,Reyadh Michail,General Practice,82,20668.02,37.74
1508849860,Steven Degalan,Cardiology,49,54767.13,120.72
1508851957,Robert Kirchner,Cardiology,12,16623.61,0.0
1508865759,Alberto Chavira,Cardiology,16,23166.66,0.0
1508872425,Lakhjit Sandhu,Cardiology,151,253848.76,179.64
1508882903,Tahir Majid,Cardiology,34,40578.62,16.11
1508886672,Elias Sanchez,Family Practice,27,21866.83,61.14
1508890922,Ramesh Dharawat,Cardiology,11,13560.05,0.0
1508912387,Ori Ben-Yehuda,Cardiology,43,32129.13,0.0
1508924655,Mary Montemayor-Roces,Physician Assistant,12,3827.18,0.0
1508960527,Joel Lardizabal,Cardiology,133,164293.22,29.73
1518007137,Catherine Ludlow,Nurse Practitioner,53,82013.62,116.54
1518007889,Rajinder Singh,Cardiology,175,273652.57,0.0
1518011188,Kirsten Starr,Internal Medicine,13,11422.86,0.0
1518026186,Michele Kalt,Cardiology,40,54513.4,200.67
1518029792,Nader Banki,Cardiology,20,19260.1,0.0
1518034115,Fereshteh Jahanpanah,Internal Medicine,17,11567.21,0.0
1518045376,Yogesh Bhakta,Internal Medicine,11,17073.48,0.0
1518049733,Adolph Nava,Internal Medicine,91,62712.41,156.82
1518052877,Mahazarin Ginwalla,Advanced Heart Failure and Transplant Cardiology,307,292329.39,69.99
1518054501,Arturo Valderrama,Internal Medicine,26,55175.95,13.38
1518056027,Maziar Zamani,Internal Medicine,14,7961.37,0.0
1518059955,Saeed Humayun,Internal Medicine,23,11204.98,0.0
1518073030,Steven Kaplan,Family Practice,11,7402.5,0.0
1518074731,James Liu,Cardiology,19,20209.52,52.59
1518079565,Blaine Jackson,Internal Medicine,85,21263.88,39.75
1518100825,Shivang Shah,Cardiology,35,28464.71,14.36
1518103472,Maisara Rahman,Family Practice,12,7399.94,17.92
1518119833,Elizabeth Aguirre,Pharmacist,20,32051.99,0.0
1518170083,David Chang,Advanced Heart Failure and Transplant Cardiology,14,18358.91,0.0
1518263029,Masataka Kawana,Cardiology,54,70021.41,0.0
1518291350,Edna Siao,Nurse Practitioner,34,33784.14,0.0
1518298041,William Ng,Internal Medicine,39,40820.37,0.0
1518309897,Leah Tribbey,Pharmacist,19,14397.02,0.0
1518310507,Seth Lichtenstein,Cardiology,20,12983.38,56.38
1518342609,Christine Bennett,Nurse Practitioner,37,40378.25,0.0
1518372093,Raymond Chan,Family Practice,22,23631.95,0.0
1518571462,Jessica Annaheim,Nurse Practitioner,11,10596.41,0.0
1518572007,Thanh Nguyen,Nurse Practitioner,15,11844.49,58.1
1518637909,Cody Kinsman,Physician Assistant,19,15433.34,30.04
1518917244,Michael Fugit,Interventional Cardiology,123,127133.51,0.0
1518924067,Kimberly Spurlock,Internal Medicine,25,8015.19,0.0
1518926435,Brom Beckerman,Cardiology,27,46366.14,23.15
1518926559,Gisela Okonski,Cardiology,78,76404.52,23.58
1518928829,Yih Kok,Cardiology,54,72157.98,0.0
1518937150,Billy Redmond,Family Practice,35,19939.88,0.0
1518946664,Ryan Brandt,Interventional Cardiology,263,305878.98,0.0
1518962539,Ramin Rabbani,Cardiology,30,33854.19,202.69
1518964105,David Weinberg,Cardiology,13,17899.69,0.0
1518970755,Mimi Biswas,Cardiology,119,104886.76,70.79
1518974583,Sepideh Kazemi,Cardiology,26,34796.69,0.0
1518975705,Alan Bier,Cardiology,18,16516.67,0.0
1528004470,Jane Kauffman,Cardiology,283,196501.37,0.0
1528014172,Chandrahas Agarwal,Cardiology,20,24656.95,18.52
1528023264,Samer Sannoufi,Family Practice,31,32783.84,0.0
1528035573,Sanjeev Vaishampayan,Cardiology,142,120401.52,233.46
1528041894,Luther Mangoba,Family Practice,41,13707.27,0.0
1528048899,Oganes Paronian,General Practice,54,37749.62,24.48
1528054095,Derek Nguyen,Internal Medicine,12,5154.72,23.98
1528078961,Jeong Sik Park,Cardiology,214,159596.82,0.0
1528080090,Assa Weinberg,Rheumatology,30,8434.23,0.0
1528080256,Sanjay Bindra,Cardiac Surgery,29,25009.75,0.0
1528132248,Steven Hassid,Internal Medicine,17,14686.06,0.0
1528140639,Manoj Khatore,Cardiology,110,111586.44,30.03
1528140696,Margarita Symonian Silver,Nephrology,13,11417.35,0.0
1528145471,Uma Vadlakonda,Cardiology,48,62007.88,0.0
1528159233,Ajit Shah,Internal Medicine,18,9663.62,0.0
1528164753,Jeffrey Williams,Cardiology,19,26245.05,178.9
1528165008,Sahag Arslanian,Obstetrics & Gynecology,29,19691.9,35.92
1528166105,Minh Nguyen,Cardiology,14,17198.35,0.0
1528196185,Anna Beyer,Cardiology,68,47706.74,0.0
1528231727,Aman Dua,Cardiology,89,149316.13,0.0
1528233418,Surabhi Atreja,Cardiology,15,12492.61,0.0
1528243359,Tuan Le,General Practice,11,18749.2,0.0
1528270303,Lusine Harutyunyan,Physician Assistant,82,59490.2,391.69
1528272069,Allyson Martin,Physician Assistant,71,105557.5,89.94
1528279841,Keith Somma,Interventional Cardiology,37,32738.87,26.89
1528324829,Eugene Fan,Internal Medicine,70,100459.93,0.0
1528333879,Michael Share,Cardiology,112,154521.5,0.0
1528346061,Theingi Win,Cardiology,51,46715.31,44.54
1528346111,Inyong Hwang,Cardiology,34,41399.7,65.07
1528351814,John Puccini,Physician Assistant,17,27854.5,0.0
1528393006,Harit Desai,Undefined Physician type,33,41830.79,123.64
1528510930,Chase Wagner,Nurse Practitioner,98,105390.42,90.24
1528572856,Allison Holt,Nurse Practitioner,12,2917.28,0.0
1528577343,Megan Worth,Physician Assistant,19,20281.02,0.0
1538130638,Nicole Graham,Physician Assistant,44,36327.31,0.0
1538131693,Satinder Bhatia,Cardiology,22,24242.87,35.96
1538144241,Don Palencia,Family Practice,11,7255.09,0.0
1538168174,Samvel Hmayakyan,Family Practice,24,14220.25,0.0
1538177845,Mary Alexander,Internal Medicine,13,7914.18,0.0
1538181763,Hung Nguyen,Family Practice,13,7963.16,0.0
1538189501,Robert Bennett,Cardiology,17,12251.42,23.98
1538201504,Nghi Maokhamphiou,Physician Assistant,21,14896.53,232.26
1538217567,Faizi Jamal,Cardiology,21,14252.49,0.0
1538243340,Voltaire Velarde,Internal Medicine,11,16438.52,0.0
1538250766,Joseph Bornheimer,Cardiology,19,18602.7,72.69
1538270749,Levon Gazarian,Internal Medicine,30,21919.19,51.97
1538296744,Khawar Gul,Cardiology,166,137434.14,250.9
1538333729,Mazda Motallebi,Internal Medicine,46,42025.87,0.0
1538354402,Sang Yong Ji,Clinical Cardiac Electrophysiology,84,91555.51,0.0
1538378765,Dennis Sarabi,Cardiology,39,40909.72,0.0
1538384250,Dale Yu,Cardiology,29,21920.56,0.0
1538416904,Anna Kuo,Nurse Practitioner,16,19848.35,0.0
1538459276,Ajay Vaidya,Advanced Heart Failure and Transplant Cardiology,63,62773.06,59.86
1538466594,Josh Chung,Internal Medicine,42,53859.79,0.0
1538486675,Nikhil Warrier,Clinical Cardiac Electrophysiology,44,44946.27,144.55
1538492319,Carolyn Thomas,Physician Assistant,69,68577.92,0.0
1538494042,Eric Nordsieck,Internal Medicine,29,24950.16,0.0
1538566047,Calvin Kim,Internal Medicine,13,8565.92,0.0
1538615125,Althea Bonsol,Nurse Practitioner,54,75205.54,0.0
1538783519,Brooke Fletcher,Internal Medicine,19,14337.73,0.0
1548201650,Parvindar Wadhwa,Cardiology,22,31920.36,119.04
1548222813,Stanley Lau,Cardiology,20,14980.61,0.0
1548227796,Babak Tashakkor,Cardiology,97,122085.57,403.21
1548279755,Eric Presser,Thoracic Surgery,18,5326.1,0.0
1548295116,Liset Stoletniy,Advanced Heart Failure and Transplant Cardiology,138,172388.61,0.0
1548306954,Gustavo Rosales,General Practice,23,15634.07,0.0
1548346695,Tom Yang,Nephrology,30,20209.27,19.42
1548349004,William Bichai,Nephrology,18,15700.0,0.0
1548360084,Melissa Lopez-Bermejo,Internal Medicine,21,4637.5,0.0
1548362296,Intisab Sultan,Internal Medicine,60,56890.74,24.48
1548363989,Rafaelito Victoria,Internal Medicine,35,17022.87,0.0
1548479074,Patrick Hu,Cardiology,26,25946.64,21.17
1548488877,Michael Cao,Cardiology,154,162876.97,0.0
1548491574,Melody Zaya,Internal Medicine,21,9167.13,0.0
1548536543,Ryan Moran,Internal Medicine,12,8337.51,0.0
1548566284,Richard Deits,Cardiology,56,59486.9,41.42
1548572795,Carlos Martinez,Internal Medicine,46,39944.11,134.67
1548581192,Michael Ghods,Internal Medicine,20,4353.52,0.0
1548604721,Darrin Wong,Internal Medicine,144,162305.41,0.0
1548882392,Loly Silalahi,Nurse Practitioner,65,97382.7,0.0
1548883101,Falin Schaefer,Nurse Practitioner,39,37464.18,100.9
1558326801,Emmet Lee,Internal Medicine,23,7242.46,0.0
1558340034,Mehran Khorsandi,Cardiology,99,106986.55,436.12
1558342717,Carlos Alves,Clinical Cardiac Electrophysiology,48,40633.12,17.3
1558344481,James Wichser,Family Practice,24,21574.55,0.0
1558347393,Carlos Bayardo,Emergency Medicine,35,22216.3,0.0
1558351387,Robert Sperling,Interventional Cardiology,23,30399.19,0.0
1558351833,Galina Makovoz,Family Practice,47,18113.57,57.1
1558359885,David Fichman,Family Practice,20,9685.77,0.0
1558360479,Patrick Devlin,Cardiology,70,65607.0,0.0
1558362954,Jarvis Gatlin,Internal Medicine,11,15723.32,0.0
1558363416,Marc Ladenheim,Cardiology,24,25532.63,288.16
1558368126,Barry Meyer,Cardiology,14,10784.94,15.56
1558371401,Jin Kim,Family Practice,33,18908.09,138.22
1558383844,Lornalyn Carrillo,Family Practice,12,12450.4,55.39
1558404558,Ofelia Narvasa,Family Practice,27,36428.85,178.87
1558419473,James Hwang,Family Practice,11,7567.86,0.0
1558420760,Jina Sohn,Cardiology,30,28085.85,0.0
1558430678,Samir Thadani,Cardiology,37,50250.04,0.0
1558447607,Tsovinar Tekkelian,Internal Medicine,78,40330.31,42.54
1558450684,David Perz,Family Practice,23,18119.56,14.02
1558455618,Mark Hoff,Family Practice,13,8114.05,200.36
1558460634,Raul Pardave,Family Practice,12,11944.49,0.0
1558468942,Naresh Ganesh,Internal Medicine,16,15313.03,18.24
1558471540,Rajesh Prasad,Cardiology,69,107630.35,197.47
1558474718,Robert Zipkin,Interventional Cardiology,12,13304.55,0.0
1558484618,David Ng,Internal Medicine,12,8195.9,73.82
1558517748,Swapna Palav,Family Practice,23,4186.02,0.0
1558523670,Tony Tseng,Internal Medicine,18,4276.38,0.0
1558528349,Deette Deville,Family Practice,12,5660.26,0.0
1558528372,Vinoy Prasad,Interventional Cardiology,46,54561.75,0.0
1558543280,Garbis Apelian,Family Practice,37,25082.86,105.6
1558561878,Lily Ho,Cardiology,17,14104.31,0.0
1558563239,Sarina Vander Zee,Clinical Cardiac Electrophysiology,59,63137.36,0.0
1558564898,Don Son,Family Practice,42,29187.39,243.31
1558575522,David Choe,Cardiology,161,192019.36,33.37
1558582866,Mark Lensky,Internal Medicine,19,18745.07,0.0
1558595082,Nazanin Azadi,Interventional Cardiology,18,24991.11,0.0
1558599969,Emily Conway,Cardiology,257,282857.42,26.45
1558626796,Yonatan Bitton-Faiwiszewski,Interventional Cardiology,102,90686.16,19.54
1558629675,Viswanatha Lanka,Cardiology,77,88780.84,0.0
1558632471,Mayra Velazquez,Physician Assistant,79,61191.97,197.6
1558665737,Rostam Khoubyari,Internal Medicine,45,31894.31,0.0
1558674069,Asako Shin,Nurse Practitioner,38,67748.18,216.21
1558675173,Sandra Yoshida-Perdomo,Nurse Practitioner,15,10204.38,0.0
1558689968,Dana Gugino,Nurse Practitioner,18,23377.9,0.0
1558690651,James Robinson,Nurse Practitioner,38,33279.17,0.0
1558692657,Rahul Gaglani,Interventional Cardiology,96,130099.97,295.74
1558701748,Gaurang Vaidya,Advanced Heart Failure and Transplant Cardiology,123,107362.87,0.0
1558739052,Kathryn Hanks,Physician Assistant,35,53320.03,120.95
1558785493,Hien Truong,Nurse Practitioner,24,34363.62,0.0
1558892950,Sebastian Rodriguez,Student in an Organized Health Care Education/Training Program,13,7983.51,0.0
1568405470,David Ko,Internal Medicine,17,14597.98,0.0
1568417616,Lucila Tarin,Family Practice,11,7427.34,0.0
1568422350,Esam Obed,Cardiology,69,70961.6,217.58
1568422418,Rashida Bokhari,Internal Medicine,23,19403.95,0.0
1568431120,James Krieg,Internal Medicine,12,7601.51,0.0
1568440246,Priti Modi,Internal Medicine,66,57944.17,63.7
1568447456,Joanna Baginski,Internal Medicine,11,7197.61,0.0
1568449965,Mahaveer Khemka,Cardiology,136,164318.83,19.98
1568450104,Frederick Watson,Cardiology,136,109732.03,0.0
1568452704,Theodor Parada,Internal Medicine,18,5577.21,0.0
1568458008,Ruben Cabral,Internal Medicine,16,14663.47,0.0
1568463172,David Mcintosh,Internal Medicine,13,17786.83,0.0
1568464923,David Stanford,Internal Medicine,17,15573.54,15.32
1568468684,Vernon Hattori,Cardiology,111,101816.45,302.88
1568473361,Steven Blumlein,Cardiology,58,52550.59,0.0
1568488195,Arturo Armendariz,Physician Assistant,22,13466.28,0.0
1568489383,Bhrett Lash,Internal Medicine,13,8228.27,0.0
1568494151,Daniel Franco,General Practice,51,65824.93,117.47
1568538593,Farough Kerendi,General Practice,27,10544.61,0.0
1568553030,Robin Trumbull,Family Practice,14,20125.63,41.49
1568558245,Douglas Schreck,Cardiology,137,144877.2,19.88
1568656262,Miguel Garcia,Physician Assistant,18,13137.04,0.0
1568667228,Jose Lopez,Internal Medicine,15,13271.61,0.0
1568683175,Jennifer Galindo,Nurse Practitioner,114,91087.72,18.84
1568723922,Mihir Barvalia,Cardiology,52,63993.74,227.36
1568741494,Erin Helgerson,Family Practice,14,9342.95,0.0
1568759652,Shirin Jimenez,Cardiology,111,99575.27,0.0
1568768323,Josh Baek,Family Practice,14,17057.62,0.0
1568773448,Xu He,Internal Medicine,16,10202.69,0.0
1568848729,Katherine Boone,Nurse Practitioner,16,18419.32,0.0
1568953578,Mia Benton,Physician Assistant,64,74160.31,0.0
1568979417,Rex Tjoa,Nurse Practitioner,30,37295.28,258.52
1568988590,Manvel Kondradzhyan,Internal Medicine,13,11215.41,0.0
1568995462,Shawn Shah,Pharmacist,14,12027.64,0.0
1578063673,April Dun,Nurse Practitioner,43,27360.95,140.73
1578084604,Julio Ivan Alexander Hernandez Rodriguez,Family Practice,22,12569.46,0.0
1578160230,Crystal Klewein,Nurse Practitioner,12,16561.36,58.43
1578175097,Mariana Nelson,Nurse Practitioner,33,25800.94,0.0
1578193702,Omar Hashem,Nurse Practitioner,15,19985.63,0.0
1578510426,Kirk Uomoto,Internal Medicine,11,7476.37,0.0
1578520763,Michael Luu,Cardiology,245,205443.18,338.51
1578521548,Mara Giattina,Cardiology,14,20503.9,0.0
1578523692,Philip Madrid,Family Practice,23,25836.52,19.92
1578539516,Robert Siew,Internal Medicine,33,24026.93,0.0
1578543443,Ara Airapetian,General Practice,46,32156.28,0.0
1578543963,Andrew Wong,Interventional Cardiology,40,35367.65,20.08
1578549234,Michael Malouf,Family Practice,12,10669.0,0.0
1578558623,Claudio Zawitkowski,Internal Medicine,13,3081.76,0.0
1578572327,Jeffrey Helfenstein,Internal Medicine,25,27121.38,451.77
1578573010,Soumitra Sarkar,Internal Medicine,23,9071.19,0.0
1578577813,Naji Kandalaft,Cardiology,223,156115.7,56.3
1578578365,Kanagaratnam Sivalingam,Internal Medicine,30,51755.53,51.82
1578589602,George Marks,Internal Medicine,16,16279.42,120.37
1578614657,Lakshman Makandura,Internal Medicine,20,14646.23,65.58
1578641478,Ravindra Sharma,Cardiology,20,21714.32,0.0
1578665014,Robert Tzeng,Internal Medicine,59,48734.93,17.54
1578668703,Gregory Hong,Cardiology,229,217468.71,457.9
1578677910,Ganiyu Oshodi,Clinical Cardiac Electrophysiology,22,17159.28,98.62
1578721015,Gulnar Odera,Cardiology,32,44215.74,0.0
1578734323,Marta Vakulenko,Internal Medicine,21,21549.56,0.0
1578776720,Rodney Samaan,Cardiology,53,50703.51,0.0
1578791661,Mohammad Farukhi,Internal Medicine,15,4968.24,0.0
1578839106,Shiv Sab,Internal Medicine,65,70824.78,0.0
1578847844,Benedict Ancock,Cardiology,26,38733.0,0.0
1578876140,Minal Patel,Internal Medicine,56,34616.8,0.0
1578880506,Frank Lin,Interventional Cardiology,144,121828.68,470.36
1578889960,Rajesh Jaganath,Cardiology,38,54171.07,0.0
1578982229,Han Zhu,Internal Medicine,38,36732.79,0.0
1588024723,Ann Chung,Nurse Practitioner,49,56126.14,11.7
1588027700,Antonio Duran,Internal Medicine,13,16461.12,40.91
1588082820,Jeffrey Tyler,Cardiology,25,29799.49,82.38
1588603369,Sanjay Srivatsa,Cardiology,40,33056.69,53.58
1588623045,Michael Wang,Internal Medicine,11,7273.1,0.0
1588631568,Thomas Feeney,Cardiology,74,90474.77,113.3
1588636922,Ronald Karlsberg,Cardiology,62,77579.46,60.86
1588650675,Venkat Devineni,Cardiology,42,61702.51,24.44
1588654875,Eric Feit,Internal Medicine,12,7818.15,0.0
1588686042,Hemal Kadakia,Cardiology,16,20248.21,23.57
1588688972,Peter Teng,Cardiology,16,20172.78,0.0
1588694178,David Short,Family Practice,12,7908.66,0.0
1588699490,Richard Mallo,Internal Medicine,29,11389.08,0.0
1588705750,Thuy Le,Clinical Cardiac Electrophysiology,18,33710.91,151.72
1588742381,Garwood Gee,Interventional Cardiology,15,24310.26,0.0
1588749246,Aung Hla,Cardiology,122,160758.73,78.75
1588752778,Etsegenet Ayele,Internal Medicine,21,9803.67,23.46
1588756969,Sachin Navare,Interventional Cardiology,29,30699.69,149.69
1588758148,Iqbal Omarali,Cardiology,12,8035.76,0.0
1588764526,Suneel Wadhwani,Family Practice,16,10461.89,17.19
1588789218,Herman Bell,Family Practice,11,9529.98,0.0
1588800080,Hussain Gilani,Nephrology,25,18411.44,0.0
1588858674,Uzma Qureshi,Nurse Practitioner,18,24584.34,0.0
1588867147,Rajneet Sekhon,Family Practice,12,4109.6,0.0
1588893580,Marina Trilesskaya,Interventional Cardiology,14,17442.06,24.41
1588907638,Jon Lacy,Physician Assistant,11,15082.78,0.0
1588925226,Ryan Clare,Cardiology,32,29340.73,0.0
1588927552,Tin Wong,Family Practice,14,8609.88,22.02
1588956726,Mohammad Qazi,Internal Medicine,19,22204.32,0.0
1598011058,Calvin Yeang,Cardiology,11,18403.19,103.45
1598074338,Alberto Ruvalcaba,Family Practice,15,15665.67,0.0
1598093759,Seung Choi,Nurse Practitioner,29,8153.54,0.0
1598179434,Mary Peterson,Physical Therapist in Private Practice,13,3174.28,0.0
1598197998,Marwan Zoghbi,Family Practice,14,25551.34,45.26
1598345407,Margaret Pan,Physician Assistant,25,20544.66,25.9
1598703241,Paula Situ,Nurse Practitioner,16,10744.08,90.57
1598712978,Michael Bazel,Emergency Medicine,55,37197.66,0.0
1598714214,Vikram Sahay,Internal Medicine,38,13686.98,0.0
1598721698,Robert Mead,Clinical Cardiac Electrophysiology,29,48219.2,0.0
1598734550,Robert Orr,Cardiology,52,58376.41,20.5
1598739203,Kevin Nguyen,Family Practice,13,10996.07,0.0
1598758468,Sam Borno,Cardiology,212,215763.44,176.26
1598780694,Paul Truong,Cardiology,33,40418.36,211.65
1598781346,James Tran,Internal Medicine,227,284781.5,354.66
1598784340,Hong Liang,Internal Medicine,41,26380.77,39.14
1598790479,Oscar-Alfonso Hernandez,Family Practice,23,16786.95,0.0
1598795247,Ibrahim Helmy,Clinical Cardiac Electrophysiology,82,63939.18,200.43
1598795429,John Ambrose,Cardiology,13,11467.89,43.98
1598795775,H Roger Rizi,Cardiology,101,131092.6,0.0
1598837692,Nubar Sethian,General Practice,32,19026.98,0.0
1598857930,Michael Gault,Cardiology,20,36775.72,178.45
1598866162,Eun-Jung Park,Internal Medicine,11,7481.19,0.0
1598874869,Ryland Melford,Cardiology,23,28971.02,139.1
1598877508,Ashok Behl,Cardiology,31,25833.44,0.0
1598881179,Nick Lee,Family Practice,70,47343.28,148.64
1598908873,Bill Tran,Cardiology,24,23516.32,0.0
1598914574,Ron Sklash,Cardiology,44,39915.3,783.5
1598922320,Allen Kuo,Interventional Cardiology,43,35533.88,14.54
1598924573,Jayme Rock-Willoughby,Cardiology,15,14162.37,0.0
1598936726,Krikor Tatoyan,General Surgery,11,8194.6,0.0
1598940223,Gurbir Dhaliwal,Cardiology,55,72955.23,0.0
1598940983,Rimon Shaker,Cardiology,15,16275.54,0.0
1598956856,Kenneth Johnson,Nurse Practitioner,39,30754.83,0.0
1598993156,Riteshkumar Patel,Internal Medicine,18,12359.27,0.0
1609005479,William Yang,Internal Medicine,16,31045.17,51.29
1609011204,Edward Kim,Clinical Cardiac Electrophysiology,75,70168.4,21.17
1609013762,Dong Trang,Internal Medicine,28,34470.37,0.0
1609032986,Mita Patel,Cardiology,13,24079.33,0.0
1609038710,Michael Mazar,Cardiology,52,69643.77,0.0
1609055078,Peter Nalos,Cardiology,13,11538.82,20.56
1609058106,Antoine Sakr,Advanced Heart Failure and Transplant Cardiology,452,545171.98,0.0
1609064880,Michael Broukhim,Cardiology,75,113031.5,177.2
1609073071,Deepak Khanna,Cardiology,225,272083.1,0.0
1609100817,Jessica Sheridan-Babare,Cardiology,41,46138.45,0.0
1609133776,Garen Derhartunian,Internal Medicine,38,29415.14,0.0
1609136605,Stephen Vampola,Interventional Cardiology,40,42197.97,0.0
1609165851,Benjamin Stripe,Cardiology,14,9318.95,0.0
1609237155,Fenny Lin,Nurse Practitioner,11,8787.7,0.0
1609264704,Prema Bezwada,Cardiology,69,62052.8,42.94
1609801109,Atif Qasim,Cardiology,21,26732.57,0.0
1609804970,Pramodh Sidhu,Cardiology,43,46381.0,0.0
1609806041,Siva Arunasalam,Cardiology,421,362236.3,234.22
1609825082,Charles Tsai,Cardiology,127,155414.51,0.0
1609826718,Thomas Kehl,Cardiology,21,29159.18,0.0
1609826973,Azhil Durairaj,Interventional Cardiology,123,121966.86,355.76
1609841774,Andrea Cervenka,Internal Medicine,11,7479.54,0.0
1609845189,William Hanks,Interventional Cardiology,67,82938.96,152.06
1609845627,Martha Lozano,Pulmonary Disease,14,26785.45,66.36
1609873850,Masis Babajanian,Cardiology,230,322366.61,0.0
1609874445,Jon Portnoff,Cardiology,169,163467.7,24.67
1609883438,Bruce Jackson,Cardiology,113,116839.92,0.0
1609908243,Cecil Litiema,Nurse Practitioner,31,26892.25,0.0
1609952597,Faizul Haque,Interventional Cardiology,13,14832.99,0.0
1619015195,Manvel Mazmanyan,General Practice,68,53417.96,0.0
1619061157,David Mok,Clinical Cardiac Electrophysiology,59,68458.73,19.63
1619064912,Paryus Patel,Internal Medicine,20,6600.98,0.0
1619072600,Basem Fanous,Internal Medicine,31,21806.6,0.0
1619080041,Gustavo Mondragon,Cardiology,144,211213.19,407.87
1619091998,James Creek,General Practice,12,8026.08,50.48
1619092129,Saida Bhatia,Internal Medicine,13,6701.69,0.0
1619095841,Bilal Rayes,Hospitalist,35,34875.91,76.66
1619097730,Victor Ruiz,Family Practice,12,7333.46,0.0
1619129426,Sam Kalioundji,Cardiology,270,351310.05,354.0
1619138872,Kruti Pandya,Advanced Heart Failure and Transplant Cardiology,121,116371.62,41.14
1619155900,Rami Turk,Cardiology,75,114532.85,0.0
1619186194,Vikram Rajan,Cardiology,90,90886.32,265.62
1619195575,Gagandeep Sandhu,Cardiology,190,206804.55,0.0
1619196755,David Donaldson,Cardiology,19,29521.21,0.0
1619219730,Claire Andrey Do,Nurse Practitioner,19,12687.73,0.0
1619222742,Karina Roldan,Physician Assistant,21,17031.72,71.72
1619226420,Muhammad Bakhsh,Cardiology,12,8154.95,0.0
1619243805,Sood Kisra,Cardiology,104,116473.04,122.66
1619310075,Daniel Cardenal Castro,Geriatric Medicine,16,6308.82,0.0
1619336963,Desiree Covey,Nurse Practitioner,36,42365.46,0.0
1619397296,Hyungjin Kim,Cardiology,42,47568.87,0.0
1619400801,Nadia Abelhad,Internal Medicine,17,16310.81,172.94
1619504107,Rachael Jongsma,Pharmacist,22,23100.28,0.0
1619548591,Jasdip Kaur,Nurse Practitioner,23,18440.71,121.72
1619629607,Kimberly Drouineaud,Nurse Practitioner,64,65570.82,11.7
1619908134,Harishchandra Patel,Cardiology,17,24963.18,0.0
1619918943,Syed Bokhari,Cardiology,28,35279.97,64.79
1619921095,Hung Nguyen,Internal Medicine,69,68132.4,0.0
1619924917,David Cislowski,Cardiology,78,105396.04,111.28
1619928025,Kwan Chen,Cardiology,131,206257.11,176.87
1619935137,Lorenzo Suarez,Family Practice,46,35059.1,69.3
1619936556,Roshanak Eftekhari,Internal Medicine,22,6999.5,0.0
1619943834,David Dodson,Internal Medicine,19,8456.74,0.0
1619947306,Stephen Estes,Cardiology,22,28891.4,0.0
1619950342,Shovek Boyadjian,General Practice,69,43831.21,118.02
1619952421,David Clark,Cardiology,25,20590.3,40.81
1619964095,Ramesh Arora,Cardiology,33,33139.2,0.0
1619969847,Ju Hwan Lee,Internal Medicine,25,18949.71,0.0
1619971439,Yash Verma,General Practice,42,5328.32,0.0
1619971538,Shirish Patel,Interventional Cardiology,18,20319.8,66.51
1619976800,Caleb Hirsch,Internal Medicine,31,6115.85,0.0
1619988375,Peter Hui,Cardiology,66,86806.38,0.0
1619988425,David Kurzrock,Interventional Cardiology,112,152331.09,227.5
1619992047,Michael Marsh,Internal Medicine,12,7444.33,24.5
1619997467,Cynthia Thaik,Cardiology,34,50130.05,17.14
1629007000,John Chiu,Interventional Cardiology,26,27578.65,0.0
1629020268,Ali Tajik,Family Practice,20,23409.59,153.32
1629024393,Rafael Avakyan,Internal Medicine,13,5302.87,0.0
1629027305,Madeleine Ong-Veloso,Nurse Practitioner,12,7250.73,0.0
1629030895,Sa'd Tuqan,Cardiology,61,45226.28,199.52
1629034087,Oscar Lopez,Internal Medicine,12,8486.88,0.0
1629038021,Andrew Rubin,Clinical Cardiac Electrophysiology,80,83661.11,19.34
1629038047,Steven Catlett,Family Practice,14,9470.68,0.0
1629040480,David Philips,Interventional Cardiology,15,26494.01,22.94
1629044235,Roy Ditchey,Cardiology,19,33018.81,0.0
1629045372,Agustin Argenal,Cardiology,38,66414.8,0.0
1629048012,Khoi Le,Cardiology,40,68290.75,180.9
1629048814,James Srebro,Cardiology,81,121321.56,20.08
1629056692,Mehrdad Rezaee,Cardiology,64,61585.79,0.0
1629057237,Vanessa Kalis,Nurse Practitioner,13,14038.26,0.0
1629058615,Jeffrey Breneisen,Cardiology,31,51912.17,156.24
1629059779,Peter Hoagland,Advanced Heart Failure and Transplant Cardiology,102,134253.2,264.63
1629074877,Bruce Vannatta,Cardiology,27,29881.23,393.05
1629075395,Alex Habibe,Internal Medicine,12,7345.85,29.49
1629083407,Peter Jurisich,Cardiology,15,21582.13,0.0
1629096664,Amer Zarka,Cardiology,160,163606.64,291.19
1629126644,Steven Appleby,Interventional Cardiology,61,50985.86,253.92
1629140702,Padraig Oneill,Clinical Cardiac Electrophysiology,28,36945.86,0.0
1629161146,Chao Ho,Internal Medicine,24,37029.28,60.52
1629171202,Ramin Manshadi,Cardiology,177,153271.75,118.31
1629179288,David Zarian,Internal Medicine,11,6566.0,24.58
1629180310,Rabin Khetrapal,Internal Medicine,62,18591.99,250.88
1629212378,Parham Parto,Interventional Cardiology,42,52052.85,88.06
1629240049,Agnes Alicar,Nurse Practitioner,73,83499.41,0.0
1629244918,Edwin Lee,Cardiology,59,76006.57,231.23
1629275631,James Matchison,Cardiology,49,45229.3,0.0
1629280565,Danilo Salandanan,Internal Medicine,21,13576.22,0.0
1629457783,Myra Chai,Internal Medicine,19,16789.55,47.74
1629529540,Charles Hurd,Physician Assistant,78,110362.27,499.39
1629587464,Anastasia Manning,Pharmacist,27,41391.98,0.0
1629633789,Kathryn Cornella,Physician Assistant,120,146544.39,266.08
1629680566,Karla Aguirre Luna,Pharmacist,51,49189.78,0.0
1639106198,Mukeshchandra Patel,Cardiology,129,120690.32,131.56
1639115405,Rohit Sehgal,Cardiology,11,7422.69,348.42
1639121981,Hovanes Ter-Zakarian,Family Practice,16,10821.09,86.82
1639125487,Lisa Ma,Family Practice,25,15502.5,43.22
1639133960,Narayanaiyengar Devaraj,Internal Medicine,123,134274.71,275.23
1639137540,Mark Russell,Clinical Cardiac Electrophysiology,141,121754.06,207.12
1639143530,Carina Buhay,Internal Medicine,17,21024.39,0.0
1639157282,Mark Sada,Interventional Cardiology,60,80746.28,0.0
1639197452,Ryan Smith,Cardiology,25,35484.68,0.0
1639199565,Ravi Mandapati,Clinical Cardiac Electrophysiology,13,9253.73,0.0
1639230550,Ronald Lang,Nephrology,12,4207.41,0.0
1639230766,Americo Simonini,Cardiology,67,80193.39,334.04
1639241987,Lori Chudacoff,Pharmacist,25,31250.83,0.0
1639269087,Suchdeep Bains,Cardiology,20,15218.14,0.0
1639273253,Richard Blankenbaker,Cardiology,101,107579.05,328.82
1639305295,Sundeep Adusumalli,Interventional Cardiology,33,34288.34,0.0
1639320658,Gevork Maissian,Internal Medicine,27,23689.68,132.29
1639351125,Dan Dang,Cardiology,47,52160.79,22.7
1639357775,Reena Patel,Cardiology,62,51735.52,0.0
1639371180,Melanie Fiorella,Family Practice,13,7951.64,0.0
1639373798,Ashish Kabra,Cardiology,73,90780.95,170.29
1639374598,Ron Schnitzer,Cardiology,23,17932.51,0.0
1639375959,Amir Kaykha,Interventional Cardiology,140,192032.87,11.76
1639375967,Rishi Menon,Cardiology,37,30809.08,0.0
1639378201,Sasan Salmi,Internal Medicine,21,5992.52,49.08
1639404031,Jorge Silva Enciso,Advanced Heart Failure and Transplant Cardiology,232,215936.01,0.0
1639432164,Oday Saeed,Nephrology,13,8660.86,0.0
1639490824,Nirav Joshi,Internal Medicine,17,13360.95,0.0
1639515042,Austin Robinson,Cardiology,14,21579.56,0.0
1639515406,Yousef Hindi,Cardiology,81,130746.04,247.12
1639551302,Alec Kherlopian,Cardiology,12,7748.97,122.16
1639564610,Nadia Curran,Cardiology,34,31053.59,0.0
1639614100,Christine Anne Geronimo,Nurse Practitioner,64,48844.75,0.0
1639629314,Molly Monahan,Physician Assistant,32,38161.34,137.8
1639799265,Melissa Jimenez,Physician Assistant,26,20725.95,186.72
1649202698,Steve Seekook Park,Cardiology,94,69721.5,120.53
1649203522,James Vogus,Hospice and Palliative Care,23,8281.2,0.0
1649224387,Vachaspathi Palakodeti,Cardiology,550,572755.74,0.0
1649230988,Mohamed Khan,Interventional Cardiology,603,956329.46,116.54
1649234949,Roger Tran,Geriatric Medicine,37,25522.24,0.0
1649258005,Kurt Bausback,Interventional Cardiology,30,43890.23,0.0
1649272766,Mark Ginkel,Cardiology,66,83176.1,66.06
1649280074,James Anastasi,Internal Medicine,35,16487.91,0.0
1649293705,Victor Carabello,Internal Medicine,23,16033.02,231.14
1649307000,Robert Greenfield,Internal Medicine,21,13438.06,116.85
1649314055,Richard Ericson,Cardiology,59,98703.99,0.0
1649328519,Farid Azizollahi,Family Practice,48,29122.64,119.06
1649342171,Martin Ahn,Family Practice,11,8531.19,51.92
1649348350,Robert Quint,Cardiology,34,21524.92,75.38
1649349820,Albert Sharf,Cardiology,313,288951.12,275.99
1649371709,Kishore Narra,Internal Medicine,26,6158.07,0.0
1649375957,Joseph Loewy,Internal Medicine,14,13572.25,0.0
1649377334,Howard Frumin,Cardiology,28,39909.3,173.46
1649383308,Ron Yamane,Internal Medicine,12,8112.31,117.88
1649424995,Patricia Gutierrez,Nurse Practitioner,35,32287.11,177.67
1649439670,Dmitry Abramov,Advanced Heart Failure and Transplant Cardiology,239,235974.32,12.22
1649441338,Angela Chan,Internal Medicine,21,26929.41,0.0
1649451071,Benedicto Estoesta,Family Practice,44,49811.36,170.41
1649459124,Kirit Desai,Cardiology,21,25865.91,52.93
1649520909,Andreh Carapiet,Internal Medicine,15,9687.14,0.0
1649531625,Mansoor Arain,Interventional Cardiology,30,25531.26,12.6
1649539586,Catherine Prince,Cardiology,89,125608.95,188.2
1649588682,Jonathan Wylie,Nurse Practitioner,47,38370.38,33.67
1649616855,Brittany Brinley,Internal Medicine,23,10934.32,45.52
1649784208,Anne Hainley,Nurse Practitioner,47,34084.0,0.0
1659301216,Neal White,Cardiology,29,33991.01,0.0
1659303980,Nirupama Vemuri,Internal Medicine,31,19373.68,12.5
1659308591,Shalizeh Shokooh,Cardiology,61,44987.76,206.82
1659309334,Aamer Jamali,Interventional Cardiology,71,82635.3,422.83
1659312536,Leopoldo Puga,Internal Medicine,346,278049.41,107.14
1659314318,Pablo Sobero,Family Practice,12,10281.9,0.0
1659316412,Marlon Ramilo,Cardiology,126,146997.44,39.73
1659329993,Wendong Wu,Internal Medicine,19,6049.85,0.0
1659330850,Subbarao Mylavarapu,Undefined Physician type,64,69290.3,218.13
1659336964,Armen Isaiants,Internal Medicine,14,7514.75,0.0
1659350916,Sumit Mahajan,Internal Medicine,17,11354.09,46.5
1659354868,Rahul Patel,Internal Medicine,16,26016.63,72.6
1659380657,Todd Farrer,Family Practice,23,6958.62,0.0
1659384121,David Weiland,Cardiology,38,50378.36,68.31
1659384212,Jorge Oceguera,Family Practice,21,14186.14,0.0
1659384295,Dominic Dizon,Internal Medicine,16,11221.06,0.0
1659387652,Jatinder Chopra,Internal Medicine,12,11532.32,0.0
1659390227,Michele Hamilton,Advanced Heart Failure and Transplant Cardiology,48,51391.42,0.0
1659390581,Holly Middlekauff,Cardiology,36,34280.02,0.0
1659394427,Daniel Andrews,Internal Medicine,12,11342.8,0.0
1659398543,Cyrus Mancherje,Interventional Cardiology,62,61749.1,77.24
1659402311,Olga Voroshilovsky,Clinical Cardiac Electrophysiology,14,10652.07,0.0
1659405306,Lynda Stack,Nurse Practitioner,12,8091.84,0.0
1659429553,Jeffrey Brand,Cardiology,15,12123.11,0.0
1659429579,Chellammal Sakthi,Internal Medicine,58,57613.49,0.0
1659431120,Arthur Gordon,Internal Medicine,12,7338.6,0.0
1659445823,Francisco Quijas,Internal Medicine,20,13570.05,24.72
1659447977,Robert Rivera,Internal Medicine,18,12435.89,0.0
1659455202,Anil Rastogi,Cardiology,69,83982.4,164.08
1659474542,Satish Chandra,Internal Medicine,12,12241.39,0.0
1659484566,Artoon Arakel,Family Practice,45,31891.2,0.0
1659523975,Kourosh Khamooshian,Internal Medicine,12,7722.91,0.0
1659535656,Mariusz Wysoczanski,Cardiology,202,253878.84,219.97
1659539153,Ajay Toppur Ramanakumar,Cardiology,74,101453.47,0.0
1659553923,Punit Sarna,Cardiology,32,48615.99,0.0
1659665461,Daniel Walters,Interventional Cardiology,25,22779.03,24.32
1659784130,Tanya Marcus,Physician Assistant,43,26530.11,0.0
1659939510,Jesus Navarro,Nurse Practitioner,15,21778.07,54.2
1669088258,Chong Heu,Nurse Practitioner,15,9095.78,0.0
1669403549,Henry Van Gieson,Cardiology,55,38490.58,367.49
1669410270,Azita Fakheri,Internal Medicine,12,8070.0,0.0
1669415303,Chester Boltwood,Internal Medicine,19,11058.02,0.0
1669429841,Satish Choudhary,Cardiology,32,35939.07,0.0
1669451571,Mayur Patel,Pulmonary Disease,43,28363.27,21.1
1669466439,Anil Bhandari,Clinical Cardiac Electrophysiology,23,28141.56,0.0
1669468757,Jay Han,Cardiology,127,105892.55,12.5
1669486338,Konanur Srinatha,Cardiology,11,21628.57,0.0
1669497137,Surinder Sandhu,Cardiology,22,32120.53,15.24
1669519500,Padmini Tummala,Cardiology,239,163493.52,273.46
1669544482,Michael Zhu,Cardiology,26,15031.68,0.0
1669546651,Tsung Chang Chen,Internal Medicine,18,5604.91,0.0
1669550885,Roberto Beaton,Internal Medicine,20,13319.47,0.0
1669552485,Hemchand Kolli,Internal Medicine,115,129124.88,57.39
1669556361,Aaron Roland,Family Practice,12,7967.38,0.0
1669582938,Rosalia Osias,Internal Medicine,25,24502.43,11.92
1669618393,Todd Zynda,Internal Medicine,19,21192.26,0.0
1669621058,Alberto Alonso,Internal Medicine,14,7849.69,20.66
1669644951,Tuan Nguyen,Cardiology,84,116467.44,145.05
1669674933,Basil Younes,Interventional Cardiology,88,96661.34,380.77
1669677365,Syed Rizvi,Family Practice,27,19175.91,0.0
1669732749,Arjun Makam,Internal Medicine,17,24827.7,271.08
1669763447,Amarpal Chana,Cardiology,22,19530.37,0.0
1669782280,Tess Ventura,Nurse Practitioner,31,34113.55,89.24
1669928644,Julio Garibay,Nurse Practitioner,17,9932.56,0.0
1679008379,Priscilla Inda,Physician Assistant,33,48474.95,0.0
1679060255,Cosmin Borsan,Family Medicine,16,11542.69,0.0
1679068506,Rehan Muttalib,Family Practice,32,33058.57,62.5
1679126353,Jeffrey Hawkins,Nurse Practitioner,13,20160.74,487.16
1679131874,Weizhen Li,Nurse Practitioner,12,8142.92,18.06
1679500193,Serge Tobias,Cardiology,34,37998.65,278.77
1679509087,Catherine Chern,Family Practice,15,13462.61,0.0
1679532162,Vinhkhiem Nguyen Phuc,Cardiology,106,113087.84,81.04
1679534374,Armen Nercessian,General Practice,16,12247.69,0.0
1679541148,Muthusamy Muthiah,Cardiology,151,156215.89,185.16
1679545388,Stephen Peters,Cardiology,45,47262.71,0.0
1679550123,Daniel Kulick,Interventional Cardiology,35,28515.87,0.0
1679561286,Peter Wolk,Cardiology,137,204504.19,430.12
1679568901,Prabhdeep Sandhu,Interventional Cardiology,90,66149.73,37.25
1679581268,Cyrus Buhari,Cardiology,147,189984.95,149.87
1679583744,Ashish Malhotra,Family Practice,11,10623.79,0.0
1679584551,Dennis Costello,Cardiology,98,122174.29,149.58
1679590491,Leonard Scuderi,Cardiology,55,59316.62,246.9
1679599070,Maria Bacay,Internal Medicine,14,8428.55,42.62
1679612436,Michael Lynch,Internal Medicine,11,9131.17,136.66
1679634984,Ernst Schwarz,Cardiology,165,213165.46,145.71
1679635353,David Lin,Internal Medicine,19,8762.93,19.44
1679651152,James Jang,Cardiology,12,4241.21,0.0
1679651582,Dzung Trinh,Internal Medicine,13,13619.76,0.0
1679666994,Mohammed Qayyum,Cardiology,81,103174.86,120.38
1679671622,Nguyen Dang,Internal Medicine,12,11705.23,0.0
1679675904,Oscar Chien,Internal Medicine,24,22958.37,97.34
1679680755,Luciano Gomez,Internal Medicine,21,24693.46,0.0
1679682330,Joshua Scholnick,Cardiology,19,27454.12,0.0
1679682876,Linda Hsu,Internal Medicine,37,20841.97,0.0
1679733646,Georges Tanbe,Interventional Cardiology,35,26360.4,147.96
1679750574,Armin Bandari,Cardiology,66,77534.28,0.0
1679758171,William Pevsner,Family Practice,11,10071.38,20.24
1679788764,Vivian Gindi,Internal Medicine,16,17553.51,40.48
1679805022,Julia Mccain,Physician Assistant,16,15769.0,0.0
1679833867,Rajan Shah,Cardiology,15,23613.28,0.0
1679834006,Juan Najarro,Geriatric Medicine,18,15279.96,0.0
1679862411,Victoria Parikh,Internal Medicine,37,28115.63,0.0
1679885883,Rigved Tadwalkar,Internal Medicine,66,77587.88,301.14
1679911457,Nikhil Bassi,Cardiology,37,53662.04,328.82
1689037376,Stephen Yau,Cardiology,13,9639.94,0.0
1689186975,Linda Anderson,Nurse Practitioner,18,22620.97,0.0
1689200545,David Hibbert,Internal Medicine,11,6720.23,0.0
1689331126,Bianca Lucaci,Nurse Practitioner,27,27678.04,112.08
1689605602,Narinder Sandhu,Family Practice,11,14301.53,0.0
1689605941,Kenneth Kleinman,Internal Medicine,15,9944.96,22.76
1689614992,Shu May Lee,Internal Medicine,32,23453.66,0.0
1689622995,Amar Pohwani,Interventional Cardiology,43,47885.74,0.0
1689625337,Raye Bellinger,Cardiology,73,97459.06,0.0
1689628240,Martin Zapata,Internal Medicine,25,12653.97,0.0
1689638587,Vijay Kumar,Internal Medicine,16,5105.62,0.0
1689664492,Brian Keeffe,Cardiology,48,71004.07,0.0
1689671968,Steven Bromer,Family Practice,20,13360.54,0.0
1689693962,Clara Padron-Spence,Family Practice,14,15904.6,0.0
1689694580,Hongsheng Wei,Internal Medicine,13,10215.03,0.0
1689720112,Sergio Gomez,Family Practice,80,86110.25,0.0
1689740169,Yu Chuan Liu,Cardiology,17,26509.01,0.0
1689753188,Suresh Rao,Cardiology,189,186910.56,156.71
1689754665,Sarah Olelewe,Geriatric Medicine,24,23522.23,0.0
1689758294,James Stewart,Family Practice,12,8117.16,0.0
1689758526,Herminigildo Valle,Internal Medicine,36,6649.67,0.0
1689762205,David Cahn,Family Practice,11,9272.53,102.17
1689778235,Oscar Velasco,Family Practice,13,9388.65,0.0
1689788234,Mehran Moussavian,Cardiology,64,76260.85,0.0
1689799199,Chi-Bao Phung,Internal Medicine,18,18465.77,0.0
1689829004,Nusrat Chaudhry,Internal Medicine,16,10060.66,0.0
1689898462,Dawn Switzer,Nurse Practitioner,21,17025.33,25.94
1689945776,Eric Bansal,Interventional Cardiology,55,39156.06,59.32
1689993743,Victor Castilla Yataco,Family Practice,11,12173.54,0.0
1699031179,Oluwayemisi Adejumo,Interventional Cardiology,16,23669.92,0.0
1699032763,Kaartiga Sivanesan,Cardiology,30,34555.6,0.0
1699076182,Kunal Mehtani,Cardiology,15,18750.3,0.0
1699119636,Keiko Kanzaki,Nurse Practitioner,47,16800.73,0.0
1699126730,Joey Wong,Family Practice,16,9919.09,0.0
1699200105,Abida Faiz,Family Practice,14,9407.06,0.0
1699399196,Clare Pinder,Nurse Practitioner,23,24260.09,0.0
1699700849,Dennis Clark,Internal Medicine,36,37275.06,215.18
1699702142,Hadia Ashraf,Family Practice,11,10995.5,0.0
1699708966,Thomas Benvenuti,Cardiology,23,38571.61,204.7
1699709881,Rony Kako,Internal Medicine,12,17454.46,0.0
1699722165,Arash Bereliani,Cardiology,30,31633.12,218.49
1699722397,Mohammad Pashmforoush,Cardiology,65,88113.5,41.31
1699727990,Hugo Riffel Dalinger,Cardiology,245,216048.72,344.71
1699759936,Benjamin Camacho,Internal Medicine,339,437033.1,223.26
1699766188,Keith Lee,Internal Medicine,11,7389.03,0.0
1699768275,Mariappan Pandian,Cardiology,15,15950.64,0.0
1699773432,Harendra Punatar,Cardiology,95,115338.57,136.82
1699779637,Jesse Wasley,Cardiology,27,29318.35,0.0
1699790667,Jorge Moran,General Practice,13,15406.27,23.74
1699793240,Rafia Parveen,Internal Medicine,13,18723.82,70.79
1699810697,Jay Johnson,Cardiology,108,166842.73,20.47
1699840728,Vinay Buttan,Internal Medicine,39,14111.51,0.0
1699844621,Francisco Pardo,Family Practice,24,3814.88,0.0
1699855080,Carlos Guerrero,Nurse Practitioner,20,30781.95,90.24
1699857706,Mohammad Abid,Interventional Cardiology,20,25560.81,16.11
1699858993,Andrew Kim,Cardiology,267,251874.78,48.3
1699868224,Kyung Han,Internal Medicine,26,19169.75,83.94
1699876698,Ameesh Parikh,Interventional Cardiology,34,36977.21,12.5
1699925545,George Mendenhall,Clinical Cardiac Electrophysiology,25,24169.5,63.94
1699940494,Samuel Daneshvar,Cardiology,63,53608.91,0.0
1699969287,Haytham Aljoudi,Cardiology,29,34062.87,90.01
1699976159,Gene Kim,Internal Medicine,12,3803.86,0.0
1699976415,Unnati Sampat,Internal Medicine,25,27088.95,34.52
1699986935,Zachary Ladner,Physician Assistant,42,57343.7,59.78
1700032216,Yohannes Gebreegziabher,Cardiology,17,16880.93,0.0
1700038577,Tung Nguyen,Cardiology,28,21388.9,0.0
1700084464,Marian Holland,Cardiology,74,50479.23,58.55
1700088630,Gregory Riva,Clinical Cardiac Electrophysiology,231,219165.39,164.08
1700100906,Jamie Weiss,Cardiology,20,25919.52,17.54
1700144946,Helena Fotiou,Internal Medicine,14,3613.61,0.0
1700149663,Robert Azurin,Family Practice,31,30963.45,0.0
1700166840,Albert Luo,Cardiology,81,72676.2,0.0
1700203221,Anthony Ea,Cardiology,33,44359.41,59.32
1700227030,Amanda Tymn,Nurse Practitioner,47,64184.11,0.0
1700260015,Robert Jason,Family Practice,49,15071.82,0.0
1700273901,Benjamin Hurwitz,Cardiology,19,12176.87,16.49
1700810330,Roger Winkle,Clinical Cardiac Electrophysiology,16,22797.79,0.0
1700812856,Catherine Chimenti,Cardiology,60,83570.54,0.0
1700813318,Sheng-Yong Wang,Nephrology,11,5082.48,0.0
1700832128,Curtis Landreth,Physician Assistant,75,62894.39,12.34
1700835196,Waseemuddin Kazi,Cardiology,92,107095.06,0.0
1700847126,Richard Rothschild,Cardiology,86,108300.85,170.99
1700850633,Richard Wear,Internal Medicine,18,24700.29,0.0
1700859279,Guy Lund,Nephrology,11,7410.85,0.0
1700862547,Stephen Ehrlich,Cardiology,91,75940.72,0.0
1700865045,Lisa Gleason,Clinical Cardiac Electrophysiology,21,20256.19,0.0
1700878410,Omaran Abdeen,Nephrology,11,12808.43,0.0
1700879384,Samuel Kojoglanian,Cardiology,14,27309.1,0.0
1700879897,Ruben Hernandez,Family Practice,61,82388.19,123.47
1700881448,Vimali Paul,Internal Medicine,22,20217.64,0.0
1700882479,Jack Rubin,Nephrology,37,26965.84,0.0
1700920139,Alan Yeung,Interventional Cardiology,13,15460.93,0.0
1700925211,Noel Serrano,Internal Medicine,28,7868.75,0.0
1700952090,Garo Terzian,Internal Medicine,11,7465.08,0.0
1700952827,Adel Boutros,Family Practice,34,21004.92,16.22
1700954716,Chieu-Uyen Le,Pharmacist,48,66402.26,0.0
1700964319,Maria Ansari,Cardiology,24,26525.55,0.0
1700983707,Sanjiv Goel,Cardiology,29,26149.87,0.0
1700998804,Blanca Fajardo,Internal Medicine,19,4990.48,0.0
1710012117,Elizabeth Hereford,Cardiology,23,22517.52,45.76
1710031893,Andrew Muller,Internal Medicine,12,7932.51,0.0
1710055256,Sangita Deveshwar,Cardiology,52,82972.31,12.0
1710059894,Joseph Kozina,Interventional Cardiology,40,53684.1,0.0
1710074026,Hew Quon,Internal Medicine,409,406927.42,58.68
1710082789,David Kaufer,Internal Medicine,15,9742.82,0.0
1710086533,Biren Shah,Family Practice,11,7382.39,0.0
1710183165,Oussama Dagher,Cardiology,36,47882.48,0.0
1710183652,Ngoc Nguyen,Cardiology,132,128869.73,39.15
1710186440,Anh Smith,Internal Medicine,66,70200.34,0.0
1710206065,Joanne Vu,Internal Medicine,23,25757.27,0.0
1710208046,Aref Karbasi,Family Practice,21,18328.98,0.0
1710218474,Gina Collier,Internal Medicine,38,58834.02,17.78
1710259361,Erin O'hair,Nurse Practitioner,12,7818.15,0.0
1710265244,Armand Rostamian,Cardiology,194,149751.46,513.15
1710361845,Kimberly Sangalli,Nurse Practitioner,28,48088.4,0.0
1710365614,Anshul Badhwar,Cardiology,39,29771.03,37.79
1710472907,Ahmad Kofahi,Internal Medicine,12,7914.72,0.0
1710553268,Rahal Ehsan,Nurse Practitioner,21,14164.25,60.1
1710639240,Jose Pesqueda,Physician Assistant,66,45502.18,0.0
1710925144,"William Mcintyre, Jr.",Internal Medicine,11,6776.57,0.0
1710925904,Xiushi Liu,Clinical Cardiac Electrophysiology,128,138099.74,88.32
1710926282,Michael Vargas,Cardiology,88,87601.07,241.54
1710927025,James Wallstrom,Internal Medicine,15,9158.39,0.0
1710944673,Jofel Yan,Internal Medicine,13,4366.29,0.0
1710948112,Fanping Wang,Cardiology,112,118028.78,267.24
1710952957,Sai-Sun Ho,Internal Medicine,13,24454.32,0.0
1710958285,George Lode,Family Practice,12,8488.19,0.0
1710959523,Li Li,General Practice,26,45694.67,138.7
1710982061,Tyson Cobb,Interventional Cardiology,49,51799.97,285.16
1710988035,Benny Guzman,Family Practice,28,25912.35,45.26
1720013717,Arnold Baas,Cardiology,125,137535.54,0.0
1720018237,Joel Pengson,Internal Medicine,80,51569.71,150.72
1720031685,Virgilio Ereso,Internal Medicine,13,10209.39,0.0
1720040793,William Baker,Internal Medicine,27,23679.64,54.71
1720045826,Rebecca Zulim,Family Practice,83,13455.4,0.0
1720065121,Arthur Loussararian,Interventional Cardiology,77,82807.24,121.32
1720070527,Ravi Makam,Internal Medicine,78,88495.65,262.31
1720074313,George Fareed,Family Practice,30,29464.16,41.68
1720092315,Dat Nguyen,Internal Medicine,25,6539.52,0.0
1720098205,John Harper,General Practice,11,20628.55,23.4
1720129497,Shradha Rathi,Cardiology,56,55666.9,0.0
1720134695,Mark Barats,Nephrology,189,127657.13,244.86
1720136138,Elvis Tanson,Family Practice,34,26685.18,86.57
1720160203,Jin Kim,Cardiology,15,10010.13,0.0
1720171507,Eric Leute,Family Practice,11,9761.77,0.0
1720181647,Todd Forster,Physician Assistant,202,142774.34,0.0
1720199342,Khalid Baig,Family Practice,18,18985.48,38.2
1720215429,Peyman Naji,Interventional Cardiology,108,85116.58,276.14
1720249816,Mark Villalon,Interventional Cardiology,29,38567.32,0.0
1720253149,Joanna Ghobrial,Internal Medicine,14,10362.01,0.0
1720266059,Rajbarinder Hundal,Cardiology,58,43542.01,109.48
1720276751,Christopher Suhar,Cardiology,73,78033.12,233.45
1720283393,Jaswant Basraon,Cardiology,98,105408.6,0.0
1720346240,Behram Mody,Cardiology,132,182586.2,22.43
1720377070,Khin Yee,Nephrology,18,26822.89,0.0
1720377146,Mandar Aras,Cardiology,52,46318.73,0.0
1720378268,Hambik Tankazyan,Cardiology,80,83833.29,145.84
1720429095,Kimberly Godsey,Nurse Practitioner,57,67237.34,0.0
1720468580,Pooya Banankhah,Internal Medicine,26,9837.16,18.3
1720480767,William Kerr,Physician Assistant,13,15361.77,0.0
1720558018,Jennie Pham,Physician Assistant,14,11601.16,173.44
1720612617,Samantha Marbut,Nurse Practitioner,142,159906.75,0.0
1720643562,Natalie Chaiser,Nurse Practitioner,144,216580.28,0.0
1730125980,Stephen Raskin,Cardiology,56,70864.71,0.0
1730127515,Brian Carlos,Cardiology,159,139223.49,0.0
1730144064,Robert Russo,Cardiology,24,11843.88,0.0
1730150848,Sunil Patel,Internal Medicine,48,33401.47,39.26
1730151085,Suhail Dohad,Interventional Cardiology,44,39119.14,0.0
1730158460,Rodney Deguzman,Family Practice,14,3107.09,0.0
1730158676,Jillaine Socha,Physician Assistant,46,66870.79,0.0
1730160201,Atif Qadeer,Internal Medicine,13,1632.35,0.0
1730178807,Desmond Levin,Cardiology,71,94750.8,31.91
1730182643,Dominick Curatola,Cardiology,12,12287.71,0.0
1730186677,Paul Ho,Cardiology,22,19915.69,105.03
1730191545,Meldon Levy,Cardiology,20,16998.42,0.0
1730193079,Rajiv Maraj,Cardiology,28,35657.1,74.06
1730195645,Constant Chan,General Practice,25,32627.95,68.04
1730195728,David Doriguzzi,Physician Assistant,35,35723.26,47.52
1730256611,Hubert Fok,Cardiology,34,66025.66,0.0
1730258195,Suhail Zavaro,Cardiology,269,271085.51,156.68
1730258401,Hassan Kafri,Cardiology,121,167338.44,0.0
1730260126,Harry Webb,Family Practice,25,19687.12,0.0
1730272469,David Sato,Cardiology,61,60003.16,0.0
1730282252,Kevin Chang,Internal Medicine,54,59169.68,0.0
1730286832,Alexandra Mead,Physician Assistant,12,13156.64,0.0
1730290321,Manikanda Raja,Internal Medicine,51,35853.76,80.59
1730307851,Howard Dinh,Cardiology,36,35579.69,0.0
1730318452,Rahul Bhardwaj,Clinical Cardiac Electrophysiology,36,34985.37,0.0
1730318957,Benjamin Chow,Physician Assistant,12,7480.43,0.0
1730383522,Keith Yabumoto,Cardiology,31,26143.95,0.0
1730392887,Sunil Rangappa,Cardiology,136,94719.7,46.84
1730521220,Ada Ushie,Physician Assistant,11,7552.9,0.0
1730570243,Carmina-Lou Paez,Nurse Practitioner,12,13512.64,104.81
1730610858,Hannah Claire Purkey,Family Practice,11,7467.73,0.0
1730768276,Margaret Pang,Nurse Practitioner,15,15695.59,0.0
1740200351,William Suh,Cardiology,27,23329.75,0.0
1740205707,Robin Whitman,Nurse Practitioner,19,25301.52,178.92
1740210301,John Krouse,Interventional Cardiology,11,10114.47,0.0
1740227040,Sen Lai,Cardiology,44,47758.23,43.61
1740237155,Edmund Freund,Family Practice,18,11527.77,0.0
1740244532,Mark Monroe,General Practice,24,14780.75,38.4
1740245026,Chenn-Yow Fuh,Cardiology,125,120175.57,0.0
1740252048,Michael Levine,Internal Medicine,23,24547.02,20.91
1740252121,Alison Pilette,Nurse Practitioner,31,34657.29,0.0
1740254713,Wadi Rouel,Internal Medicine,21,14596.96,40.24
1740260512,Fowrooz Joolhar,Cardiology,29,29226.96,44.54
1740282862,Alon Steinberg,Cardiology,79,95244.77,263.31
1740288901,Phoebe Ashley,Cardiology,17,19371.61,0.0
1740290873,Robert Gillespie,Cardiology,40,54895.02,0.0
1740292028,Shaukat Shah,Internal Medicine,11,3521.98,0.0
1740330554,Mohammad Daood,Cardiology,31,31853.91,24.81
1740335090,Benjamin Potkin,Cardiology,55,86554.15,147.71
1740339894,Atef Yacoub,General Practice,17,4849.99,0.0
1740340165,Carole Fleming,Nurse Practitioner,15,26534.32,0.0
1740361187,Joe Nguyen,Internal Medicine,13,8099.78,0.0
1740365618,Sharmel Kasten,Family Practice,23,13954.88,37.86
1740382381,Benjamin Wu,Cardiology,62,72529.86,0.0
1740387646,Dong Shin,Internal Medicine,17,10106.23,24.16
1740407071,Kristin Sornborger,Nurse Practitioner,11,9972.55,13.66
1740433705,Farhad Rafii,Cardiology,132,167400.66,394.6
1740441294,Zahid Shaikh,Internal Medicine,25,6903.1,0.0
1740451079,Ousama Ismael,Hospitalist,15,4454.82,0.0
1740460088,Christopher Woods,Clinical Cardiac Electrophysiology,12,11989.85,0.0
1740463322,Michael Bagheri,Cardiology,319,323345.94,331.99
1740477074,Vivek Rudrapatna,Internal Medicine,14,18454.32,0.0
1740480813,Neil Gulati,Internal Medicine,17,15923.06,0.0
1740488659,Armen Chalian,Cardiology,18,19619.09,0.0
1740488998,Armen Hovhannisyan,Internal Medicine,15,11576.74,90.12
1740492214,Bader Abu Ghalyoun,Cardiology,99,86433.98,138.72
1740498328,Shadi Qasqas,Cardiology,111,126321.19,164.91
1740500115,Mary Bechis,Cardiology,25,20777.83,0.0
1740568427,Danny Lee,Cardiology,27,26112.66,0.0
1740592120,Farhat Surti,Nurse Practitioner,171,154654.66,0.0
1740623958,Andrew Chen,Clinical Cardiac Electrophysiology,14,19540.77,11.78
1740682194,Hamidreza Khessali,Hospitalist,30,20503.38,0.0
1750300661,Susan Downey,Internal Medicine,19,2284.79,0.0
1750305025,Peter Callaham,Cardiology,61,57399.77,0.0
1750305157,Kevin Stokke,Cardiology,12,22930.02,0.0
1750307658,Narinder Batra,Cardiology,332,324461.96,179.47
1750308318,Ankush Chhabra,Peripheral Vascular Disease,110,157320.13,28.5
1750316402,Gregg Fonarow,Cardiology,21,29362.91,13860.0
1750319778,Issa Alesh,Cardiology,69,81904.94,248.09
1750332920,Narinder Bajwa,Cardiology,135,149259.57,0.0
1750340246,Nirmeen Haniss-Youssef,Physician Assistant,12,8078.5,0.0
1750341673,Robert Kershaw,Internal Medicine,15,9601.73,0.0
1750343620,Shailesh Shetty,Cardiology,159,139112.12,70.45
1750348942,Paul Maher,Cardiology,15,19438.67,85.73
1750440491,Gerald Beckham,Cardiology,60,60831.54,0.0
1750449062,Dariush Lavi,Internal Medicine,14,19439.52,0.0
1750449856,Irving Loh,Cardiology,14,19962.54,118.16
1750467684,Anthony Steimle,Cardiology,95,83931.24,0.0
1750492872,Kamlesh Yelamanchili,Cardiology,19,26546.34,24.49
1750516753,Mirwais Saifi,Family Practice,32,40725.6,140.94
1750540621,Adil Irani,Cardiology,15,13715.25,0.0
1750561973,Daniel Brenner,Interventional Cardiology,280,278108.16,26.45
1750587143,Amanda Donohue,Cardiology,43,59146.84,161.84
1750643508,Narbeh Tovmassian,Internal Medicine,36,19141.08,0.0
1750646501,Felice Lin,Cardiology,131,179488.52,59.84
1750680252,Charlene Doreza,Nurse Practitioner,19,11601.63,0.0
1750708434,Maria Luisa Da Cunha,Nurse Practitioner,23,14233.8,0.0
1750767273,Hong Seok Lee,Internal Medicine,49,74990.19,0.0
1750798682,Christiana Umeh,Nurse Practitioner,11,7439.59,0.0
1750816823,Meghna Patel,Clinical Cardiac Electrophysiology,66,50687.34,54.1
1750928388,Lisa Laguna,Nurse Practitioner,19,13755.11,0.0
1750930707,Monica Abigail Keh,Nurse Practitioner,13,12414.25,0.0
1760027528,Noelle Simms,Nurse Practitioner,207,269048.84,197.85
1760400386,Alejandro Paz,Family Practice,13,10069.85,0.0
1760407936,Victor Lyapis,General Practice,23,15667.0,22.86
1760409726,O'key Sams,Internal Medicine,43,10006.27,0.0
1760418172,Christopher Wulff,Interventional Cardiology,18,27910.31,0.0
1760426472,Randall Winslow,Family Practice,14,11694.23,0.0
1760429575,Mehdi Zargarian,Clinical Cardiac Electrophysiology,229,194701.29,0.0
1760432041,M. Serio,Cardiology,13,22380.75,0.0
1760491344,Eric Castleman,Cardiology,96,108072.21,15.81
1760494645,Emily Kinebuchi,Internal Medicine,26,5387.71,0.0
1760521322,Lorenzo Vazquez,Family Practice,19,10510.84,0.0
1760527055,Victor Pedroza,Internal Medicine,26,16456.49,61.46
1760539316,Jocelyn Sampedro,Nurse Practitioner,123,158199.05,260.74
1760547392,Sanyasi Ganta,Family Practice,15,11737.11,18.57
1760574446,Fiona Dulbecco,Cardiology,34,44168.97,0.0
1760606123,Louis Flores,Family Practice,23,16708.66,0.0
1760661268,Miguel Salazar,Cardiology,16,19896.18,159.92
1760682868,Ashish Aggarwal,Cardiology,78,81082.42,0.0
1760689095,Anthony Sturzu,Cardiology,102,141162.9,0.0
1760695696,Shervin Eshaghian,Cardiology,255,201854.72,307.93
1760707830,Alexandra Lajoie,Cardiology,11,19863.01,94.34
1760720221,Stacey Gross,Nurse Practitioner,50,67590.18,0.0
1760800601,Sanbir Sidhu,Cardiology,69,67184.95,191.76
1760838981,Damandeep Baidwan,Family Practice,15,4741.69,0.0
1760857247,William Chamberlain,Physician Assistant,17,6127.72,0.0
1760872188,Kim Ann Dang,Family Practice,16,16446.23,63.24
1760879217,James Michail,Geriatric Medicine,61,28930.11,0.0
1760898431,Gail Neuman,Nurse Practitioner,14,10419.32,0.0
1760924963,Malaika Clinkscales-Gabasan,Nurse Practitioner,31,28739.35,0.0
1760928246,Caroline Moh,Nurse Practitioner,13,12580.91,0.0
1770139461,Hoa Ly,Nurse Practitioner,37,34241.11,0.0
1770508111,Harold Hsu,Internal Medicine,39,26391.0,0.0
1770508616,John Rochat,Internal Medicine,19,18443.1,0.0
1770511040,Matthew Devane,Cardiology,26,31088.59,0.0
1770513723,Vishva Dev,Cardiology,42,70206.2,158.03
1770516486,Monica Sarang,Internal Medicine,12,14071.94,0.0
1770521056,James Modlinger,Cardiology,20,19160.64,127.71
1770534182,Vivian Tsai,Cardiology,20,29736.47,0.0
1770543373,Mark Bocchicchio,Interventional Cardiology,87,121385.79,0.0
1770562506,Eric Hansen,Family Practice,18,11271.27,17.38
1770580102,Robert Merz,Cardiology,20,29872.13,0.0
1770580151,Richard Wright,Cardiology,213,257319.25,4391.89
1770590655,Peter Shin,Family Practice,91,71006.96,0.0
1770591539,Scott Yoder,Cardiology,115,148316.54,77.87
1770592578,Usman Javed,Cardiology,395,505998.91,0.0
1770597387,Ratul Chatterjee,Internal Medicine,22,25685.67,0.0
1770670713,Mohamad Albouidani,Hospitalist,12,3953.11,0.0
1770735326,Kevin Bauer,Cardiology,12,21658.37,0.0
1770759268,Harpreet Pannu,Internal Medicine,16,8197.46,0.0
1770855009,Rani Upadhyay,Cardiology,12,12043.5,0.0
1770895724,Ignacio Guzman,Family Practice,25,39441.49,76.57
1770901985,Aram Gabrielyan,Internal Medicine,14,6625.94,0.0
1770911745,Lynn Jordan,Nurse Practitioner,20,18910.95,0.0
1770926768,Parham Zarrini,Cardiology,68,90479.89,36.45
1770978660,Carolyn Rumpeltes,Physician Assistant,12,19255.47,0.0
1780004226,Ronit Zadikany,Cardiology,67,90099.67,0.0
1780021766,Ingeborg Schafhalter-Zoppoth,Internal Medicine,12,14970.02,0.0
1780050385,Alexander Hardwick,Cardiology,20,17384.93,117.24
1780078600,George Clements,Cardiology,43,72905.73,138.35
1780110114,Deborah Lee,Family Medicine,13,8134.23,0.0
1780615617,Lyle Kurtz,Internal Medicine,24,18176.96,85.9
1780615724,Payam Shadi,Internal Medicine,70,53220.8,97.7
1780621821,Jesus Vera,Interventional Cardiology,83,82493.17,12.5
1780628842,Jamal Abdel-Rahman,Family Practice,16,8035.43,0.0
1780629691,Sudesh Nagavalli,Internal Medicine,11,1599.94,13.0
1780643270,Marlon Decastro,Internal Medicine,18,18817.4,0.0
1780647313,Md Moksedul Habib,Clinical Cardiac Electrophysiology,61,70713.1,0.0
1780649442,Jimmy Huang,Family Practice,22,4580.32,0.0
1780649830,Isaac Eisenstein,Cardiology,27,34116.9,269.53
1780654525,Stanley Hwang,Cardiology,18,24481.85,0.0
1780671131,Dalpinder Sandhu,Cardiology,55,77740.37,0.0
1780688515,Steven Block,Cardiology,43,35059.54,0.0
1780698233,Bahman Nouri,Interventional Cardiology,18,16163.22,0.0
1780752238,Rizza Ray,Physician Assistant,102,112120.84,18.84
1780761965,Hohai Van,Cardiology,35,37213.32,0.0
1780762518,Amir Sanati,Cardiology,69,27962.1,0.0
1780776120,Douglas Lyle,Cardiology,18,17244.97,0.0
1780780718,Daniel Alcala,Internal Medicine,12,4058.87,0.0
1780792739,Spasoje Neskovic,Family Practice,27,14128.2,0.0
1780799403,Curtis Lee,Internal Medicine,14,12704.53,0.0
1780811844,Diana Kim,Cardiology,55,54941.6,19.85
1780823526,Kelly Ann Donnelly,Nurse Practitioner,160,120351.89,0.0
1780841510,Sarkis Kiramijyan,Interventional Cardiology,245,203029.1,201.22
1780846881,Julia Ansari,Interventional Radiology,98,107768.97,67.02
1780883082,John Bahadorani,Interventional Cardiology,43,61784.76,237.17
1780888958,Amardeep Singh,Cardiology,29,43771.14,0.0
1780910810,Reza Rafie,Cardiology,36,35712.69,30.9
1780911263,Alipasha Adrangui,Internal Medicine,34,11509.83,0.0
1780936906,George Dous,Cardiology,25,22428.58,0.0
1780975839,Shima Hadidchi,Family Practice,19,11786.93,14.18
1790009306,Yoonjee Lee,Internal Medicine,17,13996.82,0.0
1790017218,Saman Fakheri,Cardiology,220,202624.14,121.92
1790056414,Tri Trinh,Internal Medicine,46,57144.72,0.0
1790084143,Vartan Garibyan,Cardiology,18,22678.12,140.65
1790097442,Gelsey Goodstein,Internal Medicine,11,12934.39,32.58
1790168342,Sergio Rivas,Nurse Practitioner,30,21757.58,29.98
1790237485,Kate Donkor,Nurse Practitioner,29,10707.46,0.0
1790320083,Vaughn Relano,Nurse Practitioner,14,11228.35,0.0
1790700987,Rajesh Suri,Cardiology,23,19136.13,179.01
1790703304,Henry Honda,Cardiology,20,23214.58,0.0
1790708782,Vijay Garg,Cardiology,16,20343.68,0.0
1790711034,Gerardo Galang,Internal Medicine,14,10949.72,92.42
1790719268,Donald St. Claire,Interventional Cardiology,33,40844.32,0.0
1790719482,Glenn D'arpa,Family Practice,11,7523.83,0.0
1790721850,Eleonora Fedonenko,Internal Medicine,12,8237.91,0.0
1790732964,Michael Zelman,Internal Medicine,13,8693.23,0.0
1790738110,Juan Silva,Emergency Medicine,14,12488.17,43.22
1790746014,Ranjiv Choudhary,Cardiology,132,159041.71,60.46
1790753770,Martin Charlat,Cardiology,21,38479.26,309.19
1790756070,Ashraf Eskander,Internal Medicine,17,3863.87,0.0
1790757896,William Mandel,Cardiology,21,25734.81,35.96
1790758647,Hoon Hong,Internal Medicine,24,28785.52,165.59
1790793040,Alicia Benjamin,Internal Medicine,12,8098.85,0.0
1790794048,Paul Kramer,Family Practice,13,9045.49,0.0
1790855195,Brijesh Bhambi,Cardiology,39,63835.7,12.97
1790869139,Eric Tate,Internal Medicine,19,17625.63,0.0
1790878551,Gennie Yee,Cardiology,17,17699.36,14.54
1790881159,Amit Paliwal,Family Practice,13,10091.55,0.0
1790893857,Samir Anabi,Internal Medicine,35,34005.09,178.44
1790895050,Zahida Bhutto,Cardiology,34,36969.22,0.0
1790897387,Payam Mehranpour,Cardiology,47,41606.52,170.05
1790911352,Nirav Desai,Interventional Cardiology,18,15009.96,0.0
1790919389,Amy Cheung,Nurse Practitioner,20,21927.97,0.0
1790953222,Elaine Bautista,Physician Assistant,54,65441.93,0.0
1790966018,Majid Shahbaz,Internal Medicine,48,57025.12,170.72
1790968436,Karim Sallam,Internal Medicine,53,49064.32,0.0
1790993467,Luis Munoz,Cardiology,85,65546.91,0.0
1790995975,Hoang Nguyen,Cardiology,225,267578.85,129.42
1801011085,Arsen Hovanesyan,Cardiology,50,49434.11,0.0
1801096482,Michael Shenoda,Interventional Cardiology,28,27375.0,0.0
1801099593,Bao Bui,Cardiology,116,118637.43,388.01
1801127907,Evelina Nadzhafov,Physician Assistant,15,9832.13,0.0
1801214861,Tyler Ladue,Family Practice,24,24831.13,0.0
1801267794,Pedro Alonso Colio,Nurse Practitioner,129,106014.45,0.0
1801494026,Clinton Hart,Nurse Practitioner,23,12155.94,0.0
1801802079,Jerry Floro,Cardiology,49,71109.25,104.61
1801809660,Anne White,Geriatric Medicine,29,8173.66,0.0
1801820832,Janna Oganessian,Internal Medicine,14,7521.46,42.74
1801825203,Michael Girolami,Cardiology,70,55618.1,0.0
1801827688,Tejpal Randhawa,Cardiology,61,52578.51,0.0
1801835111,Danish Siddiqui,Interventional Cardiology,47,57229.45,0.0
1801846480,Terrence Baruch,Cardiology,15,23734.9,90.64
1801852900,John Adams,Osteopathic Manipulative Medicine,34,21573.68,0.0
1801855028,Singh Boun,Family Practice,77,61656.12,97.42
1801855861,David Kirshbaum,Physician Assistant,11,7387.49,0.0
1801862289,Rupinder Brar,Cardiology,110,139781.72,0.0
1801895602,Lawrence Cooper,Internal Medicine,20,24023.81,0.0
1801904388,Lee Carter,Cardiology,71,78954.95,214.93
1801907399,Mythe Laramie,Internal Medicine,19,38110.27,172.95
1801919014,Andrew Ho,Interventional Cardiology,15,23200.64,220.51
1801922521,Nicholas Doan Van,Cardiology,96,124796.66,243.49
1801927876,Pei-Chin Hsieh,Cardiology,17,15558.27,0.0
1801935622,Jose Lara,Internal Medicine,16,18409.12,0.0
1801959069,Paiboon Mahaisavariya,Cardiology,113,142925.94,164.44
1801975933,Robert Franklin,Family Practice,18,12236.62,0.0
1801980669,John Champion,Cardiology,13,12382.26,0.0
1801984315,Thi Pham,Optometry,14,3595.02,0.0
1801998968,Corey Warner,Internal Medicine,12,8166.84,0.0
1811001381,William Phillips,Cardiology,123,88935.68,0.0
1811008022,Ilya Gelman,Nephrology,38,25608.65,183.93
1811046485,Carlos Rodriguez,Family Practice,12,14897.63,0.0
1811047525,Terrence Wong,Cardiology,74,87235.19,0.0
1811049273,Todd Bryant,Cardiology,41,28774.14,0.0
1811050081,Shankarlingam Sainath,Internal Medicine,13,11479.53,0.0
1811055874,Tom Yeh,Internal Medicine,157,100539.0,0.0
1811073323,Suman Kuppahally,Cardiology,17,22031.22,53.8
1811074586,Sanjay Dhar,Cardiology,256,278972.47,68.15
1811074750,Eleanor Levin,Cardiology,13,21046.8,0.0
1811128275,Kimberly Brayton,Cardiology,182,252848.44,0.0
1811154123,Stephen Morrissy,Cardiology,84,63942.64,0.0
1811164528,Hoang Nguyen,Cardiology,119,144338.18,297.98
1811176720,Shahrzad Shareghi,Cardiology,17,30335.91,61.99
1811189822,Victor Gabrielian,Cardiology,33,37033.47,111.08
1811190713,Reetu Sharma,Cardiology,17,32175.6,46.98
1811232911,Hari Reddy,Family Practice,11,6133.35,16.65
1811253495,Robin Chand,Cardiology,15,15290.97,194.74
1811315674,Roxana Ghashghaei,Internal Medicine,18,25128.81,0.0
1811331747,Simon Ermakov,Cardiology,14,17421.24,0.0
1811428733,Swetha Ramachandran,Internal Medicine,15,15441.87,94.26
1811484744,Rochelle Anne Chua,Student in an Organized Health Care Education/Training Program,35,49102.71,0.0
1811502404,Christian Custodio,Nurse Practitioner,20,18091.5,39.16
1811902661,Kathleen Drennan,Nurse Practitioner,37,42863.53,97.72
1811904873,George Madera,Internal Medicine,16,12683.36,0.0
1811906753,Larisa Garbar,Hospitalist,11,6812.79,0.0
1811906894,Fram Buhari,Cardiology,36,46573.78,115.9
1811912447,Felix Millhouse,Interventional Cardiology,182,222684.3,88.4
1811912975,Cesar Molina,Cardiology,31,56476.55,0.0
1811922768,David Brown,Internal Medicine,15,11131.27,0.0
1811925183,Stephen Henry,Internal Medicine,24,32084.06,41.16
1811931017,Robert Melikian,Internal Medicine,14,2654.94,0.0
1811939952,Dennis Chang,Family Practice,11,7460.66,0.0
1811949829,Anil Mohin,Cardiology,75,83312.05,76.72
1811965791,Larry Feliciano,Family Practice,13,4663.8,0.0
1811975113,Felix Lee,Interventional Cardiology,24,33996.29,0.0
1811979727,Srikrishin Rohra,Cardiology,18,36302.78,14.15
1811993454,Syed Azam,Internal Medicine,21,17582.4,23.58
1821007709,Roopa Reddy,Internal Medicine,27,35143.9,77.91
1821009952,Richard Gray,Cardiology,14,17848.58,248.77
1821013772,Sherie Carnegie,Family Practice,24,26251.6,24.78
1821013889,Andrew Kwa,Internal Medicine,55,90765.81,173.39
1821014085,Azat Bogikian,Family Practice,164,120875.88,0.0
1821021338,Robert Creek,Cardiology,21,21110.58,0.0
1821023540,Kamlesh Dhawan,Cardiology,20,14987.94,0.0
1821033424,Mohammed Elsayed,Family Practice,26,18274.08,55.84
1821036229,Nagasamudra Ashok,Family Practice,28,10800.48,0.0
1821038985,Jose Lira,Cardiology,17,12805.96,0.0
1821044819,Matthew Kaw,Internal Medicine,12,8006.98,0.0
1821061466,Richard Han,Internal Medicine,47,66118.28,149.55
1821081423,Kenneth Tam,Cardiology,46,43731.71,49.56
1821086182,Arif Rohilla,Interventional Cardiology,16,23558.16,0.0
1821091661,Eun Yoon,Internal Medicine,16,4353.63,0.0
1821092685,Sasan Ghaffari,Cardiology,17,29216.44,182.24
1821093394,Angelo Arcilla,General Practice,26,23531.14,41.56
1821102641,Aditya Jain,Cardiology,15,11787.99,0.0
1821142167,Bang Kim,Internal Medicine,23,17740.36,17.58
1821157462,Abid Hussain,Internal Medicine,11,1205.63,24.18
1821160599,Stephen Halpern,Cardiology,57,58835.18,68.15
1821165549,Ramandeep Brar,Internal Medicine,13,18041.41,180.12
1821165705,Michael Phan,Internal Medicine,11,11170.2,0.0
1821215302,Sassan Davoudi,Internal Medicine,13,6267.16,23.57
1821262072,Tae Yang,Cardiology,94,83082.39,282.41
1821265448,Zarlasht Fakiri,Internal Medicine,30,6481.19,0.0
1821297797,Jin Kim,Cardiology,22,14103.31,0.0
1821300500,Rene Rangel,Physician Assistant,38,31997.18,0.0
1821331174,Ignacio Guadarrama,Nurse Practitioner,13,9512.91,0.0
1821332016,Christina Toledo,Nurse Practitioner,13,3855.15,0.0
1821351230,Sonya Raghavan,Cardiology,41,46724.5,0.0
1821356692,Omeed Elboudwarej,Cardiology,18,28195.92,213.16
1821370602,Courtney Rotz,Nurse Practitioner,13,14037.56,164.98
1821388869,Alexander Sandhu,Cardiology,79,105632.56,0.0
1821393232,Anita Patel,Nurse Practitioner,60,48444.97,13.0
1821455452,Edmond Petrossian,Family Practice,82,27975.79,0.0
1821518333,Hooman Tabarsi,Internal Medicine,13,8134.23,0.0
1821519182,Nehemiah Chang,Family Practice,16,16305.55,0.0
1821534587,Elba Espinoza,Nurse Practitioner,25,19161.28,118.22
1821590514,Adam Lee,Clinical Cardiac Electrophysiology,21,17556.43,0.0
1821699521,Flora Lim,Nurse Practitioner,13,3914.66,0.0
1831106103,Paul Hazelbaker,Internal Medicine,14,9163.87,0.0
1831159607,Brad Angeja,Cardiology,135,120111.75,0.0
1831159714,Jeffrey Goodman,Cardiology,34,30001.28,69.45
1831183383,John Edelen,Interventional Cardiology,75,113740.59,0.0
1831191105,Rajendra Patel,Internal Medicine,12,7444.7,0.0
1831196609,Brian Chesnie,Clinical Cardiac Electrophysiology,27,32381.35,0.0
1831203439,Arnold Magbanua,Family Practice,14,13201.11,0.0
1831227669,Janet Schreiber,Internal Medicine,38,23654.51,0.0
1831274422,Tony Wong,Internal Medicine,61,91688.59,143.57
1831284777,Kalyanasundara Venkataraman,Cardiology,17,11217.87,0.0
1831289297,Susan Heifetz,Internal Medicine,12,8071.8,0.0
1831292796,Ajit Raisinghani,Cardiology,99,164750.13,0.0
1831326479,Ashish Shah,Clinical Cardiac Electrophysiology,21,22934.68,244.14
1831331719,Harpreet Singh,Internal Medicine,15,13907.12,0.0
1831340983,Jared Oyama,Cardiology,29,47578.2,0.0
1831361583,Sadegh Salmassi,Family Practice,24,30303.64,42.42
1831393289,Burhan Mohamedali,Cardiology,279,246156.96,286.38
1831416742,Bashar Shahatit,Family Practice,25,21644.82,0.0
1831462365,Alifeya Attarwala,Cardiology,36,50140.64,0.0
1831485705,Ali Mirhosseini,Cardiology,57,60786.92,72.52
1831491695,Tin Botzler,Cardiology,68,84635.45,60.65
1831551100,Akshai Subramanian,Internal Medicine,31,23180.27,0.0
1831568013,Katherine Beutner,Nurse Practitioner,45,38942.66,0.0
1831583079,Amira Sheikh Mohamed,Internal Medicine,13,8318.35,0.0
1831629252,Ida Obeso-Martinez,Nurse Practitioner,26,29140.5,0.0
1831662279,Noemi Mendoza,Nurse Practitioner,11,7363.45,96.82
1831671247,Catherine Lo,Pharmacist,12,14799.38,0.0
1841208964,Bijan Ghatan,Internal Medicine,12,7399.94,0.0
1841225950,Steven Levine,Interventional Cardiology,172,139717.2,0.0
1841235223,Vardui Arutyunyan,Family Practice,12,6855.43,0.0
1841248309,Narine Arutyounian,Family Practice,48,32060.58,0.0
1841259231,Alexander Del Rosario,Internal Medicine,20,11471.2,0.0
1841262102,Yaron Elad,Cardiology,53,55037.49,0.0
1841268240,Rama Thumati,Cardiology,36,25225.63,0.0
1841272150,Amparo Villablanca,Cardiology,31,26990.68,0.0
1841277167,Michael Miyamoto,Cardiology,17,26908.34,0.0
1841301330,Luis Sanchez,Internal Medicine,57,51068.11,105.4
1841313772,Shahe Garabedian,Cardiology,92,90690.8,338.52
1841357118,Peter Csapoczi,Internal Medicine,15,16240.34,0.0
1841358256,Letisia De La Cruz,Physician Assistant,125,121776.91,155.19
1841368461,Fraidon Azizi,Cardiology,69,72176.91,0.0
1841370210,Simon Cheung,Cardiology,83,95346.0,45.47
1841373891,Denis Mahar,Family Practice,31,36351.13,0.0
1841386141,Anselm Lam,Family Practice,11,22412.67,0.0
1841395514,Vladimir Samonte,Internal Medicine,16,22344.19,0.0
1841408812,Florian Rader,Cardiology,13,8861.06,0.0
1841442449,Jonathan Neyer,Internal Medicine,31,22882.16,0.0
1841452059,Adam Rogers,Cardiology,52,68127.62,0.0
1841453032,Aaron Tran,Internal Medicine,21,23070.72,112.11
1841453081,Rajeev Mohan,Advanced Heart Failure and Transplant Cardiology,64,74859.22,0.0
1841456811,Kristina Ryan,Nurse Practitioner,59,79036.06,0.0
1841481173,Victoria Shin,Cardiology,75,80822.98,0.0
1841489440,Jack Azad,General Practice,54,80518.49,180.64
1841551694,Andriana Nikolova,Cardiology,21,30482.83,0.0
1841552395,Jessica Weiss,Cardiology,44,39769.07,109.32
1841561487,Jennifer Henderson,Physician Assistant,21,21654.22,0.0
1841610482,Alan Baik,Cardiology,29,19072.56,0.0
1841636784,Emmeline Chan,Internal Medicine,22,25896.75,0.0
1841649712,Daniel Mendez,Family Practice,16,12964.11,16.42
1841730140,Kameran Neises,Physician Assistant,15,9380.8,0.0
1851303044,David Ostrander,Interventional Cardiology,31,44792.17,0.0
1851314413,Leonard Lazarus,Internal Medicine,16,4812.21,0.0
1851314512,Brian Nguyen,Internal Medicine,12,8085.12,12.5
1851315097,Michael Pietila,Family Practice,39,11701.45,0.0
1851318331,Jonathan Weaver,Internal Medicine,27,18257.32,0.0
1851319560,Sami Shoukair,Cardiology,18,21289.0,0.0
1851320162,Steven Kang,Clinical Cardiac Electrophysiology,24,27728.65,0.0
1851329270,Andrew Benn,Cardiology,58,64602.95,0.0
1851334403,Munawar Alavi,Cardiology,27,33570.4,48.46
1851349047,Karan Deep Singh,Cardiology,23,21378.96,225.79
1851356745,Stephen Soldo,Cardiology,19,13416.3,388.52
1851384499,John Tsakonas,Cardiology,43,36366.97,39.38
1851385223,Samer Kabbani,Cardiology,169,151919.03,60.65
1851393540,Wajahat Khan,Internal Medicine,21,23538.22,0.0
1851393615,Mario Ochoa,Family Practice,36,28981.78,116.6
1851407258,Thomas Quinn,Cardiology,38,29209.53,24.44
1851408082,Vimal Nanavati,Internal Medicine,31,32649.7,30.69
1851434898,Lawrence O'connor,Cardiology,168,134350.8,425.74
1851440036,Melvin Agatep,Internal Medicine,12,8111.03,0.0
1851449896,Brian Kolski,Interventional Cardiology,100,122826.71,236.26
1851464838,Alberto Natividad,General Practice,25,18608.9,0.0
1851468375,Tammy Tan,Pharmacist,49,80908.8,0.0
1851473003,Konstantinos Vlachonassios,Cardiology,193,157626.03,293.6
1851474829,Joseph Song,Cardiology,138,120521.66,43.83
1851477582,Ann Stapleton,Internal Medicine,14,13458.88,0.0
1851479695,Lynda Nelson Swain,Internal Medicine,12,9250.13,0.0
1851506083,Robert Koblin,Internal Medicine,43,31610.81,146.93
1851514640,Huy Nguyen,Cardiology,15,16963.85,0.0
1851525091,Monica Plesa,Family Practice,12,7759.91,0.0
1851542781,Jorge Monastersky,Cardiology,54,37995.58,0.0
1851553671,Allon Rafael,Clinical Cardiac Electrophysiology,47,48621.75,24.6
1851573083,Christopher Woo,Internal Medicine,129,149827.42,0.0
1851591432,Elizabeth Wojtowicz,Nurse Practitioner,171,206355.97,0.0
1851616775,Xiao Wan,Internal Medicine,11,7030.71,0.0
1851658173,Christopher Vanichsarn,Advanced Heart Failure and Transplant Cardiology,22,25058.21,15.1
1851680797,Michele Tang,Infectious Disease,19,12017.51,0.0
1851687677,Geoffrey Cho,Cardiology,41,35342.0,0.0
1851788129,Samuel Cho,Student in an Organized Health Care Education/Training Program,34,32287.67,0.0
1851836894,Kimberly Ann Grava,Nurse Practitioner,33,25975.97,0.0
1851953335,Leyna Tran,Family Practice,12,7432.44,0.0
1861084360,Allison Leibold,Physician Assistant,11,6005.23,0.0
1861435323,Nicole Romeo,Physician Assistant,159,176344.14,88.27
1861453151,Tania Nanevicz,Cardiology,21,17086.26,0.0
1861479057,Nader Noorian,Internal Medicine,17,13069.26,167.18
1861484511,Jeffrey Mace,Cardiology,24,14350.98,0.0
1861486425,Kyle Michaelis,Interventional Cardiology,125,138190.13,88.79
1861492738,Bernard Michlin,Internal Medicine,30,30460.21,41.98
1861505265,Don Parazo,Family Practice,21,8616.28,0.0
1861526451,Jahandar Saleh,Cardiology,82,94348.21,296.98
1861551426,Heidi Peng,Family Practice,12,26591.43,0.0
1861558918,Rudy Rezzadeh,Internal Medicine,24,21771.96,80.74
1861594228,Thein Htay,Internal Medicine,87,97987.03,211.26
1861620957,Allan Cabral,Family Practice,18,16538.85,0.0
1861623506,Belal Al Khiami,Interventional Cardiology,35,26390.93,0.0
1861648560,Lesanemariam Banko,Internal Medicine,45,35990.64,0.0
1861662884,Mary Gessner-Peterson,Internal Medicine,52,14805.32,0.0
1861683559,Sirtaz Adatya,Cardiology,49,54994.37,0.0
1861684201,Robert Lee,Interventional Cardiology,38,50805.82,189.75
1861686354,David Filsoof,Cardiology,30,29351.34,299.27
1861690141,Nitanth Vangala,Cardiology,124,141208.06,226.88
1861698656,Nathan Anderson,Cardiology,23,28375.86,0.0
1861758831,David Hoang,Family Practice,20,21733.84,133.7
1861796807,Hong Zheng,Cardiology,66,65864.14,0.0
1861811424,Aazib Khan,Internal Medicine,188,282724.82,0.0
1861869034,Natalie Salas,Nurse Practitioner,40,19064.17,0.0
1861978371,Vicente Vazquez,Family Practice,14,8529.34,229.1
1861988966,Alexandria Sarro,Physician Assistant,18,32106.21,0.0
1871034033,Victor Lin,Internal Medicine,15,9755.82,0.0
1871057141,Laura Fundingsland,Physician Assistant,49,78128.04,14.34
1871087957,Billy Zhang,Internal Medicine,12,9539.68,0.0
1871178327,Jeannie Le,Nurse Practitioner,11,10217.84,0.0
1871510370,Su Lee,Internal Medicine,22,15097.25,20.3
1871512723,Daryl Lum,Internal Medicine,11,10502.41,0.0
1871519561,Peter Fung,Interventional Cardiology,153,156324.24,12.32
1871520726,Nouneh Danielyan,Internal Medicine,12,7763.63,0.0
1871546333,Krikor Kalindjian,Internal Medicine,25,20244.24,0.0
1871546523,Adnan Naber,Cardiology,14,8312.62,0.0
1871552380,Darrell Walter,Internal Medicine,22,19529.22,0.0
1871562017,Neil Doherty,Cardiology,29,32831.53,155.05
1871564948,Michael Moran,Interventional Cardiology,43,42068.28,0.0
1871566406,Necati Tekin,Cardiology,90,127311.7,117.39
1871572156,Athanasios Foster,Family Practice,11,3482.92,0.0
1871574996,Rakesh Gupta,Pulmonary Disease,12,8115.35,16.06
1871593384,Edward Abrams,Cardiology,16,29058.4,0.0
1871605196,Robert Schreiman,Family Practice,18,14029.69,0.0
1871607796,B Chandramouli,Cardiology,82,115279.95,15.95
1871609404,Andres Jimenez,Family Practice,15,14169.76,0.0
1871618207,Yuri Reznik,Hospitalist,11,2431.82,0.0
1871655480,Kaushal Tamboli,Interventional Cardiology,223,273734.62,214.42
1871671354,Alan Ament,Cardiology,122,136859.09,0.0
1871671685,Michael Nguyen,Internal Medicine,12,13937.69,0.0
1871672907,Kevin Bobrowsky,Internal Medicine,118,80296.55,0.0
1871675744,Zonglang Tsai,Internal Medicine,53,36601.94,106.66
1871679381,Kenneth Battaglia,Cardiology,20,15642.71,0.0
1871685214,Robert Masters,Cardiology,35,32692.16,243.0
1871723676,Edmond Melikterminas,Internal Medicine,36,21445.7,19.84
1871729822,Aditya Bharadwaj,Interventional Cardiology,40,65155.47,0.0
1871775742,Eric Vincent,Nurse Practitioner,23,17998.74,0.0
1871790717,Nader Attia,Cardiology,117,100749.27,162.1
1871818385,Samit Bhatheja,Cardiology,63,57456.23,50.01
1871882076,David Cho,Cardiology,43,51798.38,24.09
1871886382,Jose Alcantar,Nurse Practitioner,76,64678.31,200.72
1871897678,Antonio Christophy,Advanced Heart Failure and Transplant Cardiology,175,225101.29,20.06
1871934109,Brandy Singh,Nurse Practitioner,12,10830.64,0.0
1871987784,Jesse Fitzpatrick,Hospitalist,20,10398.16,0.0
1881005809,Pramod Theetha Kariyanna,Interventional Cardiology,41,30365.73,0.0
1881232387,Kelley Driscoll,Nurse Practitioner,61,85291.65,0.0
1881280535,Matana Navabian,Pharmacist,11,13952.98,0.0
1881291979,Colm Murphy,Interventional Cardiology,19,12383.96,0.0
1881607067,Rocio Flores,Internal Medicine,11,9605.81,24.14
1881616159,Mohammad Ashraf,Internal Medicine,154,119347.55,29.86
1881632263,Rajiv Punjya,Cardiology,246,266688.58,234.43
1881633063,Michael Maguire,Family Practice,26,29234.78,51.7
1881642155,Htay Win,Internal Medicine,46,38792.35,38.69
1881651156,Enrique Espinosa-Melendez,Internal Medicine,29,35784.95,19.79
1881660991,Douglas Segal,Cardiology,55,62761.16,72.18
1881661536,Paulo Guillinta,Cardiology,100,104972.04,0.0
1881681930,Sailesh Shah,Interventional Cardiology,47,52541.33,0.0
1881688422,Amirtha Ajit,Internal Medicine,16,6100.45,0.0
1881689347,Dicran Baron,Cardiology,34,36230.62,124.63
1881694776,Tim Gurtch,Family Practice,14,14791.63,117.76
1881698132,Sid Kohan,Internal Medicine,11,7378.49,0.0
1881711372,Marie Puffpaff,Nurse Practitioner,13,18438.51,68.18
1881742336,Daming Zhu,Cardiology,27,28757.32,52.5
1881742831,Thomas Doerner,Cardiology,14,13513.67,0.0
1881748630,Olcay Aksoy,Cardiology,42,36352.15,0.0
1881749026,Robert Ruelaz,Cardiology,14,19103.63,0.0
1881753499,Adam Howard,Cardiology,55,39812.99,0.0
1881765816,Harold Nguyen,Internal Medicine,21,23875.0,0.0
1881766962,Walt Marquardt,Interventional Cardiology,94,129693.57,0.0
1881768216,Nicole Varnell,Pharmacist,183,237198.34,0.0
1881770386,Thomas Alloggiamento,Cardiology,101,109036.63,0.0
1881770394,Erna Nishime,Cardiology,52,69936.01,0.0
1881770428,Andrew Schechtman,Family Practice,11,6727.38,0.0
1881773349,Holly Masui,Pharmacist,11,17067.46,0.0
1881798056,Thomas Kong,Cardiology,134,99367.66,249.53
1881860666,Ele Lozares-Lewis,Family Practice,28,19069.39,0.0
1881866507,Jason Brown,Cardiology,13,17507.3,0.0
1881920882,Michael Gibson,Advanced Heart Failure and Transplant Cardiology,337,457129.33,0.0
1881925154,Keri Montgomery,Nurse Practitioner,33,27726.54,20.4
1881936268,Alejandro Soto,Family Practice,38,28907.94,0.0
1881941250,Hoi Yan Kwong,Nurse Practitioner,86,95515.3,0.0
1881982486,Pargol Samani,Cardiology,54,60986.18,129.42
1891019238,Julie Yasui,Nurse Practitioner,188,241097.77,0.0
1891029781,Visal Nga,Internal Medicine,16,8799.38,0.0
1891084117,Debbie Chan,Physician Assistant,17,16454.16,0.0
1891085148,Kristoff Olson,Cardiology,12,7522.48,0.0
1891115572,John Hollowed,Interventional Cardiology,15,11753.91,0.0
1891126058,Amy Funari,Nurse Practitioner,15,18820.78,15.85
1891138269,Talin Nemri,Internal Medicine,12,16926.61,0.0
1891173027,Angela Chin,Physician Assistant,35,40522.94,0.0
1891174785,William Entwistle,Family Practice,14,10708.28,0.0
1891226825,Pablo Veliz,Family Practice,11,8388.17,0.0
1891239646,Gurpreet Clair,Nurse Practitioner,29,40962.21,0.0
1891245742,Qiu Na Zheng,Nurse Practitioner,12,7115.0,0.0
1891270385,Jonathan Barnes,Physician Assistant,13,12589.79,185.19
1891337812,Ali-Akbar Shahine,Nurse Practitioner,28,37937.8,231.27
1891700340,Bobak Salami,Internal Medicine,41,47247.85,81.97
1891708806,Ruben Brinckhaus,Family Practice,13,14240.77,0.0
1891711636,Sherry Xie,Internal Medicine,13,9531.56,0.0
1891724993,Sam Ghalili Md Inc,Emergency Medicine,12,12747.04,0.0
1891744538,Samir Azzam,Family Practice,18,5855.43,0.0
1891753315,Mario Ceja,Family Practice,60,68559.5,0.0
1891754149,Wen-Che Chung,Internal Medicine,15,22176.26,0.0
1891782256,John Telles,Clinical Cardiac Electrophysiology,153,174435.24,0.0
1891783437,Raymond Huang,Cardiology,11,11619.14,0.0
1891787073,Steven Sobel,Family Practice,20,17373.84,0.0
1891791703,Ravindra Gautam,Internal Medicine,17,11679.24,0.0
1891791877,Wai-Lam Chan,Family Practice,13,26695.19,0.0
1891805610,Carlos Alvarez,Internal Medicine,43,22305.85,55.59
1891841144,Jesus Vazquez,Clinical Cardiac Electrophysiology,121,150029.43,204.38
1891843827,Jayanta Das,Cardiology,162,185609.75,296.64
1891882221,Leticia Uwedjojevwe,Internal Medicine,11,12180.3,117.3
1891888327,Boris Larreta,Cardiology,98,122570.02,94.11
1891898797,Tanvir Hussain,Cardiology,165,141210.56,237.47
1891906228,Joycelle Martinez,Nurse Practitioner,114,119038.83,0.0
1891951760,Lakshmi Nair,Cardiology,48,61518.03,12.26
1891958773,Anna Narezkina,Cardiology,95,122531.17,0.0
1891960076,Ivan Anderson,Cardiology,197,250818.85,0.0
1891964904,Tien Vo,Internal Medicine,24,24797.3,55.32
1891973566,Reza Sepehrdad,Cardiology,85,106587.3,12.2
1891979746,Elisa Alvarado,Internal Medicine,32,31241.77,25.0
1891997078,Hao Tran,Advanced Heart Failure and Transplant Cardiology,88,80441.93,0.0
1902020167,Ravi Sureddi,Clinical Cardiac Electrophysiology,14,10829.8,0.0
1902083900,Kamran Shamsa,Cardiology,33,33619.86,0.0
1902085426,Bryant Nguyen,Cardiology,14,11623.53,214.94
1902095854,Menachem Wakslak,Clinical Cardiac Electrophysiology,110,87784.55,156.32
1902125768,Olamide Oladipo,Internal Medicine,48,41810.66,48.19
1902147978,Nancy Livingston,Nurse Practitioner,13,10886.01,0.0
1902178304,Vamshidhara Gade,Interventional Cardiology,26,30337.67,0.0
1902246580,Alex Hardy,Family Practice,18,16251.06,0.0
1902300221,Roger Sur,Internal Medicine,11,10169.0,0.0
1902572852,Lindsay Okowita,Physician Assistant,39,46831.86,244.16
1902803372,Aditya Verma,Cardiology,64,71315.08,17.59
1902805914,Thomas Kanegae,Internal Medicine,36,32039.2,36.18
1902833734,Hitesh Patel,Family Practice,17,11587.97,0.0
1902839160,Chia-Yu Teng,Internal Medicine,12,7333.46,23.1
1902841166,Kyaw Lyn,Internal Medicine,34,26809.59,16.12
1902850688,Thomas Makowski,Cardiology,97,115813.94,12.34
1902877301,Assad Darawal,Internal Medicine,24,22765.54,32.18
1902908080,Amin Farah,Cardiology,30,46708.14,239.14
1902919665,Thomas Bowhay,Family Practice,20,13979.0,22.09
1902924152,Nikhil Kapoor,Cardiology,22,36354.26,0.0
1902936115,Stephanie Chin,Physician Assistant,34,32171.18,0.0
1902971567,Abhishek Sinha,Cardiology,70,81661.44,228.05
1902995319,Anilkumar Patel,Internal Medicine,16,10699.86,27.39
1912070608,Christian Breburda,Cardiology,43,40043.77,682.16
1912074816,Amy Nguyen,Family Practice,12,4227.81,0.0
1912078809,James Orens,Internal Medicine,28,35095.3,0.0
1912078981,Stanley Neuman,Internal Medicine,27,24573.69,0.0
1912081654,Patricia Cavero,Cardiology,19,23418.65,309.0
1912084534,Jenchen Yang,Cardiology,53,65354.14,221.46
1912093436,Hed Ahmadpour,Cardiology,295,232506.26,426.6
1912127358,Patrick Mcginty,Cardiology,44,41887.6,345.76
1912162199,Ramtin Anousheh,Cardiology,63,90350.75,122.5
1912170465,Darlene Batarseh,Physician Assistant,40,37312.73,0.0
1912193137,Michael Hakimi,Cardiology,89,87122.96,67.09
1912199704,Paul Drury,Internal Medicine,27,24092.97,0.0
1912214347,Dan Le,Cardiology,24,35219.9,0.0
1912233446,Michelle Cuevas,Nurse Practitioner,74,84363.23,210.32
1912266511,Sarmad Said,Cardiology,187,211546.96,0.0
1912314097,Paul Sobiech,Physician Assistant,24,28453.36,0.0
1912343526,Rebecca Sutton,Nurse Practitioner,86,78459.66,66.51
1912566456,Niji Solomon,Nurse Practitioner,33,25425.48,66.51
1912901471,Ruben Ruiz,Internal Medicine,26,16025.91,23.74
1912903048,Robin Stan,Cardiology,197,229582.64,287.01
1912907726,Hau Tan,Internal Medicine,25,11849.19,0.0
1912915364,Darel Benvenuti,Cardiology,105,125903.24,226.22
1912919911,Ramin Tabibiazar,Cardiology,101,88068.14,0.0
1912920919,James Jung,Internal Medicine,176,155073.04,62.94
1912923004,Nathan Lewis,Internal Medicine,12,7593.92,0.0
1912932740,David Pan,Cardiology,72,73637.82,116.08
1912941824,Ving Yam,Family Practice,14,6288.63,0.0
1912944505,Anand Soni,Cardiology,24,24287.85,0.0
1912945130,Rod Serry,Interventional Cardiology,12,8085.12,0.0
1912955980,James Ong,Clinical Cardiac Electrophysiology,96,107225.73,82.52
1912956525,Imad El Asmar,Internal Medicine,89,37560.47,127.74
1912958257,David Miller,Family Practice,24,7429.54,0.0
1912958786,Ziad Sawan,General Practice,54,43188.28,0.0
1912968447,Richard Butlig,Internal Medicine,47,30909.78,0.0
1912971615,Karl Peterson,Family Practice,23,11773.9,0.0
1912971763,Todd Turner,Internal Medicine,17,15941.07,0.0
1912973520,Dawei Zheng,Family Practice,67,77532.0,44.32
1912986944,Jacqueline Eubany,Clinical Cardiac Electrophysiology,19,28402.27,34.88
1912996356,Carey O'bryan,Cardiology,205,179811.82,14.54
1922000694,Keven Tagdiri,Internal Medicine,11,7321.95,0.0
1922038967,Michael Papanicolaou,Cardiology,68,79267.86,357.03
1922050525,Raul Roth,Cardiology,305,267858.87,442.14
1922056134,James Fitts,Cardiology,61,78661.37,0.0
1922058718,Jaime Henriquez,Interventional Cardiology,246,215020.24,222.72
1922059849,Vyshali Rao,Cardiology,76,78477.48,357.23
1922060086,Omar Fadeel,Internal Medicine,13,25357.69,0.0
1922085224,Tram Tran,Physician Assistant,21,26270.6,0.0
1922092923,John Kruba,Family Practice,19,14021.69,0.0
1922095256,Damon Lee,Internal Medicine,22,29013.24,43.24
1922119445,Luis Bedoya,Nephrology,11,17776.7,0.0
1922141951,Richard Lafayette,Nephrology,14,9346.12,4613.5
1922143007,Sheila Kar,Cardiology,14,9504.04,168.47
1922154863,Harry Lively,Cardiology,89,94987.18,132.43
1922162114,Gauhar Khan,Cardiology,17,22223.56,0.0
1922167667,Aditya Ambegaonkar,Cardiology,27,39647.31,0.0
1922174085,Margaret Penkala,Cardiology,45,57414.44,0.0
1922189125,Tomas Sevilla,Internal Medicine,11,27687.03,42.21
1922207430,Peter Morcos,Cardiology,35,28865.01,120.62
1922233394,Mahyar Khaleghi,Cardiology,15,22574.97,0.0
1922238864,Choon Hwa Goh,Cardiology,17,16081.08,0.0
1922252725,Jonathan Peng,Cardiology,73,76769.33,0.0
1922263466,Farah Dawood,Cardiology,61,86135.97,157.31
1922289628,Neelam Gupta,Internal Medicine,11,3682.55,16.06
1922309442,Stefanie Kaiser,Cardiology,54,84117.97,0.0
1922379965,Evann Eisenberg,Cardiology,79,92094.64,262.41
1922390764,Oscar Hernandez,Family Practice,16,10018.22,0.0
1922410919,Nelda Ordonez,General Practice,37,8442.94,0.0
1922459635,Rigoberto Picazo,Nurse Practitioner,51,54331.09,0.0
1922493139,Joseph Chan,Internal Medicine,27,20547.85,148.66
1922495027,Brittany Cole,Nurse Practitioner,58,85787.27,0.0
1922527829,Silvia Estrada Murillo,Nurse Practitioner,14,6701.12,0.0
1922674290,Amy Su,Physician Assistant,41,59322.24,36.78
1932106002,Thomas Dunlap,Cardiology,387,579016.83,106.9
1932110012,Andrew Rosenblatt,Cardiology,43,52542.57,0.0
1932119385,Kesheng Wu,Internal Medicine,50,35152.69,0.0
1932120771,Ronald Philipp,Family Practice,21,5348.16,0.0
1932125382,Jamshid Faraji,Internal Medicine,58,47578.93,108.67
1932130481,Victoria Borovsky,Internal Medicine,34,22198.81,81.33
1932134822,Richard Tompkins,Family Practice,12,7047.78,0.0
1932137544,Tarek Mahdi,Family Practice,11,9720.02,0.0
1932148905,Victor Flauta,General Practice,14,8773.78,0.0
1932162013,Robert Flores,Family Practice,26,25604.56,154.96
1932174612,Yaser Slayyeh,Cardiology,96,86060.26,251.79
1932240595,Remo Morelli,Cardiology,49,53143.16,190.26
1932284817,Winston Wong,Internal Medicine,322,360377.3,195.42
1932291648,John Lien,Cardiology,193,234690.82,24.82
1932294253,Sujeeth Punnam,Cardiology,49,44355.28,207.16
1932294865,Richard Cain,Cardiology,23,23889.17,0.0
1932296357,Victor Gura,Internal Medicine,26,17440.35,0.0
1932304813,Alain Waked,Cardiology,17,20960.74,334.88
1932308137,William Discepolo,Clinical Cardiac Electrophysiology,79,85097.72,306.7
1932308285,Sejal Patel,General Surgery,12,8055.24,0.0
1932309614,Khiet Hoang,Cardiology,108,102157.99,258.52
1932322112,Elena Ermakova,Family Practice,12,21940.13,0.0
1932330883,Sayuj Paudel,Internal Medicine,20,14482.51,0.0
1932355146,Andrew Appis,Internal Medicine,126,86146.58,0.0
1932355310,Diana Leykina,General Practice,27,10866.5,0.0
1932355377,Hoaithi Nguyen,Pharmacist,18,27882.0,0.0
1932356771,Gagan Singh,Interventional Cardiology,26,42962.19,0.0
1932362175,Mohammad Yusufzai,Internal Medicine,27,9630.02,285.71
1932424835,Lindsey Malik,Cardiology,94,101146.69,0.0
1932434529,David Lange,Cardiology,16,13026.43,0.0
1932452380,Carolyn Enders,Internal Medicine,105,98866.69,0.0
1932526514,Javier Lopez Moncayo,Internal Medicine,12,11505.49,0.0
1932543675,Wyzscx Patacxil,General Surgery,27,8942.88,0.0
1932548377,Happy Thakkar,Cardiology,45,43086.42,0.0
1932580990,Ara Rostomian,Student in an Organized Health Care Education/Training Program,13,9907.21,0.0
1932739729,Stella Yala,Internal Medicine,150,141984.27,0.0
1942208848,Patrik Zetterlund,Interventional Cardiology,49,50965.69,78.51
1942208889,Christopher Oh,Nuclear Medicine,53,70054.59,314.27
1942210893,Pamela Burian,Physician Assistant,14,8274.74,0.0
1942236401,Robert Gwynn,Cardiology,17,16290.07,0.0
1942240874,Michael Yu,Internal Medicine,12,8020.24,40.6
1942245113,Mikael Hakansson,Family Practice,21,21572.7,0.0
1942261904,Roger Duber,Cardiology,129,180879.26,51.79
1942278221,Mallu Reddy,General Practice,32,34939.03,146.06
1942279401,Supratim Banerjee,Cardiology,78,80095.7,32.8
1942279880,Suresh Veeramachaneni,Internal Medicine,40,8110.08,0.0
1942284831,Alexandre De Moraes,Family Practice,38,17026.78,0.0
1942290309,Jeffrey Bruss,Cardiology,121,167933.57,31.91
1942311246,Raouf Kayaleh,Internal Medicine,14,9098.15,0.0
1942348255,Laila Hanna,Internal Medicine,29,15515.7,24.36
1942368444,Hossein Shenasa,Cardiology,35,54013.93,44.9
1942371851,Robert Park,Cardiology,57,65195.04,0.0
1942389580,Gurinder Grewal,Cardiology,159,130413.78,170.05
1942392626,James Mailhot,Cardiology,44,35110.03,0.0
1942396635,Julie Chang,Pharmacist,127,152016.18,0.0
1942418793,Ramin Assadi,Interventional Cardiology,44,61262.42,0.0
1942452271,Sean Hirota,Cardiology,53,87092.83,166.46
1942477575,Wendy Rosencrans Wells,Nurse Practitioner,29,30861.27,32.48
1942484852,Ethan Yalvac,Cardiology,100,97738.29,316.16
1942496211,Mehrdad Ariani,Cardiology,288,234229.79,272.9
1942498993,Hideto Saito,Family Practice,13,8883.91,0.0
1942500475,Shipra Hingorany,Cardiology,27,35954.24,0.0
1942503701,Marianne Plakas,Nurse Practitioner,12,7910.21,0.0
1942527650,Albert Cespedes,Internal Medicine,19,26780.93,0.0
1942543145,Vishal Chauhan,Internal Medicine,89,102812.55,0.0
1942604665,Kyaw Min,Family Practice,11,3479.31,0.0
1942620778,Yuri Nam,Nurse Practitioner,308,312320.04,0.0
1942662077,Justin Slade,Internal Medicine,19,15552.67,0.0
1942764097,Leighann Giriunas,Physician Assistant,20,24283.86,0.0
1952074452,Mila Mendoza,Nurse Practitioner,12,7770.16,0.0
1952305294,Steven Hildebrand,Cardiac Surgery,35,23298.2,0.0
1952305971,Adrian Ma,Cardiology,146,130447.87,24.24
1952308124,Kevin Rapeport,Cardiac Surgery,82,108003.71,190.02
1952309908,Thomas Mustoe,Interventional Cardiology,72,109614.4,283.83
1952322596,Gregory Smith,Internal Medicine,44,15352.44,170.93
1952324311,Diwakar Lingam,Cardiology,21,25076.66,12.2
1952337719,Joseph Terrazzino,Physical Medicine and Rehabilitation,12,12823.8,0.0
1952349284,Matthew Dillon,Physician Assistant,14,13644.72,0.0
1952352668,Huan Guu,Internal Medicine,23,4623.82,0.0
1952353575,Mark Eaton,Cardiology,70,121486.4,0.0
1952358632,Douglas Triffon,Cardiology,30,47127.86,1434.3
1952375966,William Lee,General Practice,24,16182.6,37.3
1952377582,Jeffrey Teuteberg,Cardiology,78,113515.7,0.0
1952385403,Terence Lin,Interventional Cardiology,18,25625.72,0.0
1952390395,Neala Hunter,Cardiology,136,131694.64,31.91
1952395493,Guy Mayeda,Interventional Cardiology,12,9183.66,27.24
1952405326,Jonathan Hemphill,Cardiology,159,208429.07,93.49
1952423014,Ayuna Panossian,Family Practice,57,52026.66,94.65
1952443061,Stanley Rockson,Cardiology,25,32012.09,0.0
1952447476,Milan Patel,Cardiology,37,34354.54,0.0
1952458929,Samar Hazzan,Internal Medicine,29,24534.9,0.0
1952459752,Daniel Lang,Cardiology,11,9324.23,0.0
1952460248,Sanjaya Khanal,Cardiology,58,77882.53,0.0
1952469850,Robert Wielenga,Family Practice,32,27576.85,109.26
1952475550,Dana Weisshaar,Cardiology,51,77140.8,0.0
1952478802,Timothy Leifer,Family Practice,15,18168.76,0.0
1952482333,Shahdad Azmoon,Cardiology,37,39370.82,71.74
1952497521,Joseph Lee,Interventional Cardiology,130,129374.16,593.11
1952505125,Hrachya Paruyryan,Family Practice,82,55586.63,0.0
1952507923,Srikant Duggirala,Clinical Cardiac Electrophysiology,112,79291.89,440.3
1952515421,Paul Cisarik,Internal Medicine,13,7964.57,0.0
1952525123,Steven Regwan,Cardiology,32,32387.48,203.01
1952558850,Kara Jones,Nurse Practitioner,94,82908.71,0.0
1952560476,Jorge Gonzalez,Cardiology,42,46873.76,126.73
1952573693,Lily Honoris,Cardiology,90,78408.41,0.0
1952597478,Anuradha Chirala,Cardiology,91,78637.54,27.86
1952636540,Lucas Zier,Cardiology,20,13428.88,0.0
1952843609,Wanting Ng,Nurse Practitioner,116,94781.09,46.4
1952845372,Lisa Von Zabern,Nurse Practitioner,21,5066.66,0.0
1952850364,Kaitlyn Vu,Physician Assistant,15,16839.2,43.61
1952859456,Laura Cossette,Nurse Practitioner,80,107657.96,0.0
1952875957,Michelle Abraham,Physician Assistant,15,14870.8,0.0
1952944241,Savannah Harris,Nurse Practitioner,26,28256.9,167.24
1962404723,David Aliabadi,Cardiology,80,123746.07,251.66
1962415588,Susan Jung,Family Practice,20,18412.61,0.0
1962418889,Thomas Diggs,Cardiology,60,61127.19,32.05
1962429753,Harcharn Chann,Cardiology,22,19855.03,0.0
1962430397,Christina Craigo,Nurse Practitioner,12,24188.94,0.0
1962441592,Brian Yang,Internal Medicine,36,9075.91,0.0
1962448530,Norman Lowenbraun,Cardiology,33,23933.54,75.38
1962452565,Shaun Daneshrad,Cardiology,70,64264.55,197.78
1962452680,Larry Berte,Cardiology,13,9156.62,0.0
1962460501,Zouheir Elias,Cardiology,51,70786.01,24.92
1962473074,John Weeks,Family Practice,14,13611.62,0.0
1962483099,John Gordon,Cardiology,90,98847.58,116.46
1962484998,Jeffrey Southard,Cardiology,39,51176.24,0.0
1962485938,Hassan Hussain,Cardiology,147,150026.92,0.0
1962498410,Raed Bargout,Cardiology,147,108053.41,176.62
1962506469,Saman Ratnayake,Internal Medicine,32,30899.53,0.0
1962508325,Dat Do,Cardiology,36,45497.42,50.03
1962520478,Tam Nguyen,Internal Medicine,11,6807.92,21.88
1962550889,Reema Chugh,Internal Medicine,13,10433.3,0.0
1962571216,Sabita Malla,Internal Medicine,24,20726.56,22.74
1962582189,Rollington Ferguson,Cardiology,21,22291.12,0.0
1962594101,Brian Flyer,Internal Medicine,23,33673.43,71.76
1962594309,Jeffrey Feiner,Cardiology,54,45057.94,280.1
1962598425,Tri Nguyen,Cardiology,21,29456.96,12.0
1962606913,Caleb Thompson,Interventional Cardiology,55,48998.37,0.0
1962609115,Jason Couture,Internal Medicine,11,11954.7,19.06
1962616888,Salman Azam,Cardiology,68,115221.67,0.0
1962631101,Aidan Raney,Cardiology,13,13763.5,133.96
1962635854,Kim Hoang,Family Practice,15,10698.16,0.0
1962665786,Diane Tran,Advanced Heart Failure and Transplant Cardiology,137,178018.54,46.56
1962689455,Karla Ballesteros,Nurse Practitioner,18,14842.12,0.0
1962715987,Muhammad Choudhry,Interventional Cardiology,24,23068.57,72.17
1962726471,Arvind Mathur,Internal Medicine,23,3649.76,0.0
1962791772,Bennett Cua,Cardiology,76,80255.27,223.4
1962812255,Navneet Kaur,Hospitalist,17,10194.54,0.0
1962835991,Heidi Keng,Nurse Practitioner,97,76284.66,0.0
1962841346,Mark Malek,Preventive Medicine,11,7505.01,0.0
1962881466,Martin Tang,Family Medicine,20,11847.71,0.0
1972155430,Marie Anna Salazar,Nurse Practitioner,46,51142.81,211.74
1972500676,Milind Dhond,Cardiology,15,19637.78,64.15
1972504520,Ravi Gupta,Cardiology,25,21499.79,64.14
1972505444,Armine Nazaryan,General Practice,221,151287.72,47.47
1972511970,Neng Lee,Nurse Practitioner,16,28988.04,25.72
1972512432,Dennis Johnson,Cardiology,211,244655.45,16.04
1972516151,Francisco Martinez,Internal Medicine,25,29532.65,0.0
1972517910,Kiyon Chung,Cardiology,53,66722.44,148.19
1972533669,Saleem Rajper,Internal Medicine,17,4584.91,0.0
1972533941,Raul Oviedo,Cardiology,43,49096.6,50.0
1972539179,Sandy Witzling,General Surgery,25,24720.89,42.14
1972541266,Jair Wong,Internal Medicine,17,15178.16,0.0
1972543379,Edward O'regan,Hospitalist,13,9294.08,0.0
1972550150,Shewit Weldetensae,Cardiology,69,51745.54,0.0
1972573756,Aaron Jordan,Cardiology,31,25110.66,0.0
1972583490,Steve Lee,Interventional Cardiology,18,30713.15,0.0
1972583821,Chiayu Chen,Cardiology,57,81720.49,1336.27
1972585859,Howard Min,Cardiology,45,78924.18,0.0
1972589687,Chaewon Song,Internal Medicine,19,17854.99,320.53
1972592319,Bonnie Gainer,Cardiology,36,33133.38,14.54
1972607216,Michelle Kittleson,Cardiology,51,86357.86,0.0
1972625069,Pablo Bassuk,Family Practice,27,11917.85,0.0
1972651792,Ju-An Lin,Internal Medicine,37,36302.14,0.0
1972668416,Susan Nasser,Family Practice,12,15951.8,69.6
1972670792,Carmela Leonora,Internal Medicine,47,32113.23,0.0
1972670990,Joan Cohen,Internal Medicine,27,24011.54,0.0
1972820058,Marcus Urey,Advanced Heart Failure and Transplant Cardiology,114,148884.95,0.0
1972831618,Jeremy Cox,Cardiology,97,113913.26,147.99
1972844157,Anna Goodge,Nurse Practitioner,81,69175.21,12.6
1972860104,Chun Yu Lee,Cardiology,66,85563.33,0.0
1972887073,Abhishek Shah,Internal Medicine,12,9031.5,74.91
1972899839,Pranav Barve,Internal Medicine,61,30409.26,179.8
1972921088,Jiken Bhatt,Cardiology,55,58037.22,288.25
1972956514,Adriana Celiz,Nurse Practitioner,17,10585.57,0.0
1972966836,Dev Patel,Interventional Cardiology,19,19929.97,0.0
1972970457,Abigail Mazon,Nurse Practitioner,11,9600.96,11.7
1972994853,Timur Pogodin,General Practice,16,12840.78,96.07
1982002739,Shawn Luna,Physician Assistant,31,44979.58,64.36
1982010492,Angelyn Cardenas,Nurse Practitioner,13,4112.33,0.0
1982044244,Krishna Anurag Pulumati,Cardiology,26,26518.01,19.58
1982122677,Darcy Kranz,Pharmacist,13,10198.42,0.0
1982161584,Sonali Waland,Nurse Practitioner,23,21364.08,0.0
1982176947,Abraham Vandiver,Nurse Practitioner,14,20541.61,0.0
1982187100,Theresa Dwyer,Physician Assistant,33,53981.18,0.0
1982366068,Kalli Molzahn,Nurse Practitioner,63,49688.74,32.41
1982609145,Paul Meltzer,Cardiology,98,98687.61,0.0
1982611521,Alden Jallorina,Internal Medicine,39,41317.67,0.0
1982615837,Lynette Lissin,Advanced Heart Failure and Transplant Cardiology,90,96931.53,0.0
1982619359,Vinod Assomull,Internal Medicine,11,7878.35,0.0
1982620134,Pejman Shamekh,Internal Medicine,41,16278.6,0.0
1982625018,Luisa Munoz Del Romeral,Cardiology,127,125667.56,0.0
1982635645,Lawrence Santora,Interventional Cardiology,192,190391.04,217.26
1982638649,Jessica Li,Cardiology,19,22950.77,0.0
1982645438,Hun Kang,Internal Medicine,13,9886.39,0.0
1982646832,Jean-Claude Hage,Family Practice,37,23758.13,0.0
1982650040,Mary Larson,Cardiology,71,108512.78,0.0
1982654844,Sousanna Lachtchouk,Nurse Practitioner,12,8156.38,0.0
1982657763,Rajesh Chawla,Interventional Cardiology,36,41261.81,143.22
1982670592,Robert Pick,Cardiology,11,10327.61,0.0
1982673406,Kevin Boran,Interventional Cardiology,69,99759.39,152.04
1982681227,Dave Kim,Cardiology,24,22775.41,0.0
1982698759,Charles Pollick,Cardiology,15,20981.3,0.0
1982732277,Igor Gavrilyuk,Internal Medicine,49,52571.38,164.8
1982749842,Jennifer Stewart,Family Practice,17,14663.86,0.0
1982762472,Queenie David,Nurse Practitioner,134,155736.91,0.0
1982766382,Terence Tan,General Practice,14,19125.66,0.0
1982781191,James Higgins,Cardiology,18,32160.3,0.0
1982787057,Nabil Feghali,Internal Medicine,64,35620.49,37.21
1982790812,Eric Lee,Cardiology,153,167374.0,439.99
1982791562,Rafayel Gevorkian,General Practice,12,8154.58,0.0
1982800199,Edmond Ghahramani,Family Practice,16,8317.07,0.0
1982801718,Sanjiv Patel,Cardiology,134,107455.28,79.04
1982818720,Peter Kim,Cardiology,99,70203.5,0.0
1982862322,John Pang,Cardiology,15,18087.75,0.0
1982864559,Albert Lai,Internal Medicine,11,5530.76,0.0
1982881645,Meera Sohail,Internal Medicine,12,2694.48,0.0
1982892956,Edilita De Boda,Physician Assistant,11,12429.74,0.0
1982893582,Adamane Lalith Mohan,Cardiology,16,26014.61,111.69
1982899704,Mohammd Reza Amini,Cardiology,24,15541.46,19.53
1982950572,Armin Barekatain,Cardiology,66,62158.41,0.0
1982966214,Cindy Wang,Cardiology,70,92168.8,17.68
1992011225,Sarah Houser,Nurse Practitioner,140,99282.3,0.0
1992017636,Chinh Mai,Internal Medicine,92,64521.19,249.61
1992024483,Sami Hayek,Interventional Cardiology,120,110019.85,206.58
1992071211,Brenton Bauer,Cardiology,169,170788.89,0.0
1992091623,Timothy Wong,Family Practice,22,16284.14,0.0
1992095566,Megan Kamath,Cardiology,199,171941.19,0.0
1992135826,Andrew Mui,Internal Medicine,65,59036.77,175.94
1992230478,Tracey Easterling,Nurse Practitioner,14,8486.91,0.0
1992348205,Maria Angelica Justo,Nurse Practitioner,11,10194.48,50.75
1992356109,Sherry Jung,Nurse Practitioner,11,6827.02,0.0
1992723514,Betty Grant-Anderson,Cardiology,14,13280.26,179.35
1992730709,Maged Azer,Cardiology,103,95343.97,253.96
1992735591,Richard Kroop,Internal Medicine,27,12934.45,24.32
1992745285,Mehran Sourehnissani,Internal Medicine,13,5692.23,0.0
1992748883,Jorge Martinez,Internal Medicine,30,32337.36,121.25
1992754832,Wilfredo Abesamis,Internal Medicine,11,3268.3,0.0
1992763759,Jack Coombs,Internal Medicine,16,10384.08,0.0
1992766604,Jose Caceres,Cardiology,47,60926.2,246.32
1992767586,Carlos Santivanez,Internal Medicine,23,18245.54,171.82
1992789861,Narasimha Rao,Cardiology,94,84862.01,390.96
1992794465,Richard Haskell,Cardiology,29,35857.99,0.0
1992797435,Noel Santo Domingo,Cardiology,40,53216.7,116.51
1992799530,Pravin Panchal,Internal Medicine,23,16486.44,0.0
1992803167,Maya Bidichandani-Kaura,Internal Medicine,11,10073.5,33.55
1992807267,Pen Hong Lee,Internal Medicine,21,13584.75,0.0
1992808992,Thirupathi Reddy,Cardiology,27,30535.21,40.57
1992864839,Mary Wong,Nurse Practitioner,46,46597.08,0.0
1992873723,Nang Lok Ellick Tsang,Internal Medicine,18,11033.07,22.49
1992876965,Eric Chou,Cardiology,28,21737.25,0.0
1992886618,Dale Brent,Internal Medicine,45,29080.33,0.0
1992891493,Joseph Chao,Cardiology,18,13426.85,18.3
1992904395,Hammad Khan,Cardiology,146,176707.76,190.95
1992923833,Grace Huang,Interventional Cardiology,12,7745.69,0.0
1992955884,Sophia Chen,Pharmacist,74,81523.15,0.0
1992985170,Matthew Solomon,Cardiology,48,50501.91,0.0
1003060492,Seth Stevens,Dermatology,59,263629.03,0.0
1003109513,Michael Cheng,Internal Medicine,17,193150.58,0.0
1003117649,Marit Kreidel,Dermatology,52,138295.33,0.0
1003848441,Martin Weiss,Internal Medicine,11,75080.7,0.0
1013091396,James Wang,Dermatology,34,256843.87,225.95
1013091958,Kelly Kinsley,Dermatology,11,75216.47,11.97
1013122605,Parke Chang,Internal Medicine,18,48195.7,0.0
1013941962,Bernard Raskin,Dermatology,14,96892.25,18.78
1013961572,Margaret Nonato,Physician Assistant,14,91272.88,70.15
1023031184,Thomas Romano,Rheumatology,14,96752.76,210.32
1023097383,Peggy Albrecht,Dermatology,15,124009.85,0.0
1023249802,Jennifer Jang,Rheumatology,38,154421.77,0.0
1023262185,Livia Van,Dermatology,30,159873.21,0.0
1023369667,Maria Trinh,Physician Assistant,12,79226.52,15.09
1033287545,Kenneth Wiesner,Rheumatology,18,149949.93,0.0
1033293006,Maurice Kinsolving,Rheumatology,32,107342.12,0.0
1033377965,Aneeta Kiran,Rheumatology,29,117173.94,0.0
1033388616,Soumya Rao,Rheumatology,12,78463.84,116.97
1033396767,Sue Chung,Rheumatology,37,299806.09,14.09
1033485461,Kathryn Martires,Dermatology,12,145217.52,0.0
1043214026,Rebecca Miller,Dermatology,13,90775.19,0.0
1043250145,Emil Tanghetti,Dermatology,23,205928.27,282.72
1043252786,Michelle Pelle,Dermatology,13,118674.04,0.0
1043411879,Kamran Askari,Dermatology,47,197719.87,0.0
1043582109,Jennifer Johnson,Rheumatology,29,149075.02,0.0
1053300632,Craig Kraffert,Dermatology,24,158999.36,158.64
1053497347,John Willsen,Dermatology,27,111604.77,0.0
1063494474,Paul Wallace,Dermatology,36,234825.97,171.21
1063594372,Rashad Ansari,Rheumatology,12,82913.16,119.69
1063599918,Cynthia Wang,Dermatology,13,26371.75,0.0
1063755734,Kevin Kim,Dermatology,24,71022.4,0.0
1063819829,Carianne Crowe,Physician Assistant,30,199379.28,49.95
1063822237,Dorota Korta,Dermatology,13,89403.13,0.0
1063844579,Phillip Aleksiejuk,Rheumatology,11,72572.7,183.85
1063850840,Danielle Tartar,Dermatology,25,185192.17,0.0
1063854966,Jillian Millsop,Dermatology,19,70550.08,0.0
1073139630,Khoa Nguyen,Student in an Organized Health Care Education/Training Program,16,76560.76,0.0
1073500278,Jeffrey Crowley,Dermatology,35,284645.16,8926.56
1073724217,Duke Khuu,Dermatology,13,160502.24,237.98
1073776613,Christine Doherty,Dermatology,27,105024.6,0.0
1073967469,Prajakta Jaju,Dermatology,22,104782.52,0.0
1083197354,Natalie Matenaer,Physician Assistant,14,123880.13,147.7
1083626931,Elyn Bowers,Dermatology,16,123851.25,0.0
1083698062,Douglas Roberts,Rheumatology,51,337483.68,251.63
1083842199,Chetachi Okereke,Rheumatology,13,52707.32,0.0
1083849012,Ligaya Park,Dermatology,25,178383.24,33.48
1083892236,Chris Towery,Physician Assistant,142,1006538.48,159.87
1093718546,Mychael Luu,Dermatology,57,448321.48,287.36
1093799652,Abdallah Khourdaji,Dermatology,21,151071.96,130.23
1093911356,Brittany Goss,Rheumatology,126,941504.05,177.5
1093917429,Laurie Weymann,Nurse Practitioner,15,94075.54,13.31
1093918112,Li Yang,Rheumatology,14,56456.2,0.0
1104110071,Navid Ezra,Dermatology,53,400107.98,1979.9
1104146000,Ricardo Paniagua,Dermatology,61,201030.73,0.0
1104828508,Ethan-Quan Nguyen,Dermatology,15,125378.71,85.01
1104983444,Lan Truong,Physician Assistant,23,88747.74,0.0
1114018173,Vipal Soni,Dermatology,13,81506.92,72.59
1114111283,Paul Liu,Internal Medicine,13,26371.75,0.0
1114152857,David Stone,Family Practice,24,165682.32,0.0
1114284759,Laura Taylor,Physician Assistant,30,199507.38,0.0
1114399334,Angela Abboud,Physician Assistant,19,131209.99,164.07
1114926367,Antony Hou,Rheumatology,31,203701.33,129.94
1114983467,Vernon Wilson,Dermatology,11,75121.91,24.52
1124083266,Lindsey Bennett,Dermatology,48,195526.82,0.0
1124125208,Michael Barger,Rheumatology,19,124734.74,123.21
1124259569,Steven Lin,Dermatology,12,48553.44,0.0
1124283056,Melvin Lee,Dermatology,15,36536.89,0.0
1124318779,Lauren Cao,Dermatology,11,44720.2,0.0
1124351051,Nilanthi Gunawardane,Dermatology,30,75194.54,0.0
1124435003,Thein Swe,Rheumatology,37,281385.72,0.0
1134109390,Mahmood Pazirandeh,Rheumatology,50,341603.86,341.76
1134141583,Kenneth Katz,Dermatology,16,38542.19,0.0
1134171564,William Reeder,Rheumatology,17,165395.23,24.93
1134310006,Christian Powell,Rheumatology,14,96889.8,179.68
1134681364,Kathleen O'brien,Dermatology,11,16800.45,0.0
1144273491,Tan Nguyen,Internal Medicine,12,109236.07,0.0
1144308628,Anand Lal,Rheumatology,116,474239.21,0.0
1144327008,Leopoldo Hernandez,Dermatology,20,152224.01,0.0
1144423039,Arnoldas Ceponis,Rheumatology,28,189813.51,0.0
1144450917,Ern Loh,Dermatology,42,135916.93,59.01
1144455262,Basma Al Nahlawi,Rheumatology,50,400585.48,178.17
1144478306,Karen Au,Internal Medicine,33,133639.36,0.0
1144483124,Tina Bhutani,Dermatology,34,306908.86,4725.0
1144563602,Joey Kim,Rheumatology,26,115009.73,0.0
1144592205,Khashayar Khosraviani,Rheumatology,47,197532.18,0.0
1144868050,Janet Ma,Nurse Practitioner,17,141507.03,152.38
1154306678,Behnam Khaleghi,Rheumatology,12,81117.53,312.86
1154455178,Khurram Abbass,Rheumatology,26,160702.26,0.0
1154601524,Gita Fatemi,Rheumatology,23,165011.23,0.0
1164060182,Dana Aman,Physician Assistant,13,81628.86,0.0
1164436820,Michael Lin,Dermatology,13,83157.18,162.03
1164464566,Barry Eibschutz,Rheumatology,26,162859.11,0.0
1164522165,Roger Wang,Allergy/ Immunology,107,710244.89,457.48
1164565339,Brooke Sateesh,Dermatology,30,211515.94,0.0
1164576815,Eleanor Anderson-Williams,Rheumatology,24,85150.26,0.0
1164601332,Saleem Waraich,Rheumatology,30,197388.99,0.0
1164797312,Evelyn Cheung,Dermatology,11,57033.66,0.0
1174601785,James Barton,Dermatology,24,74453.94,0.0
1174601793,Todd Lawry,Dermatology,42,139671.24,0.0
1174670350,Jennifer Burkham,Rheumatology,13,81441.86,0.0
1174813356,Jessica So,Dermatology,17,69007.08,0.0
1174824841,Justin Wu,Internal Medicine,15,91566.06,0.0
1174968606,Salvador Perez,Physician Assistant,11,86940.97,13.49
1184611048,Foy Cox,Dermatology,11,69306.14,0.0
1184679300,Christine Goold,Physician Assistant,13,83402.81,105.58
1184821134,Geraldine Navarro,Rheumatology,11,148605.47,0.0
1184904013,Caitlin Hill,Nurse Practitioner,14,88328.94,0.0
1194314104,Salma Balbas,Physician Assistant,18,135716.98,0.0
1194884759,Michael Takehara,Rheumatology,11,44492.98,0.0
1194884858,Charles Miller,Dermatology,31,105856.61,0.0
1205091170,Brian Kleker,Dermatology,45,214383.5,0.0
1205154218,Bryon Tseng,Rheumatology,23,93847.5,0.0
1205273794,Kelly Lin,Dermatology,28,108357.55,0.0
1205833662,Gerald Ho,Rheumatology,25,192604.94,0.0
1205986015,Mitchell Fung,Rheumatology,14,129402.32,0.0
1215095179,Robert Dye,Dermatology,14,86621.56,35.39
1215136221,Stephan Kempiak,Dermatology,46,139843.89,0.0
1215165667,Rebekah Neal-Kraal,Rheumatology,23,148481.49,279.78
1215487780,Diana Westbrook,Physician Assistant,21,163028.06,40.19
1215991302,Raymond Press,Rheumatology,12,82140.73,67.17
1225032667,Camilla Mccalmont,Dermatology,12,83262.91,0.0
1225062052,Karol Dangaran,Dermatology,25,184863.01,150.13
1225096357,Lawrence Cheung,Dermatology,13,88909.96,0.0
1225138860,Alison Randall,Physician Assistant,46,148377.19,0.0
1225143274,Reuven Sison,Family Practice,13,79922.68,16.68
1225179013,Sepideh Bagheri,Dermatology,54,212746.26,0.0
1225222128,Christina Fonseca,Dermatology,24,72953.17,0.0
1225329303,Ying Wu,Rheumatology,12,78079.33,52.5
1225491293,Christina Kraus,Dermatology,24,168710.37,0.0
1235105446,William Ting,Dermatology,32,252492.27,0.0
1235131301,Alan Semion,Dermatology,18,120656.34,26.19
1235136243,Dong Chang,Dermatology,41,283190.27,0.0
1235163163,Donald Tecca,Internal Medicine,11,76056.68,65.08
1235205931,Lindsay Miller,Physician Assistant,13,129552.82,187.76
1235244963,Kerstin Morehead,Rheumatology,14,92043.41,0.0
1235278250,Natalia Chavez Stewart,Rheumatology,19,144127.9,154.08
1235347188,Vickram Reehal,Rheumatology,23,144001.6,0.0
1235408352,Julia Parker,Physician Assistant,14,103089.94,144.32
1235417171,Mayla Carlos,Physician Assistant,45,157677.1,0.0
1235454182,Matthew Lewis,Dermatology,25,241617.94,0.0
1235457649,Aruna Venkatesan,Dermatology,12,75545.53,0.0
1235767112,Helen Kwak,Nurse Practitioner,14,114437.83,40.24
1245318849,Frank Jonelis,Dermatology,15,48527.41,0.0
1245591783,Ashley Brown,Dermatology,56,218119.74,0.0
1245753839,Sheryl Miles,Physician Assistant,63,446405.3,0.0
1245839463,Tiffany Wu,Nurse Practitioner,13,84656.76,177.16
1255311676,Andre Babajanians,Rheumatology,23,153517.72,143.35
1255448189,Cathy Riker,Rheumatology,18,119697.73,0.0
1255490827,Amy Chang,Rheumatology,48,193633.48,0.0
1255500724,Britney Kaufman,Physician Assistant,19,137134.78,0.0
1255615761,Andrea Nguyen,Physician Assistant,15,150118.16,2503.93
1255715835,Mona Malakouti,Dermatology,45,198178.84,0.0
1265449441,Margaret Shannon,Dermatology,12,78319.14,0.0
1265451777,David Klashman,Rheumatology,52,360820.55,256.73
1265584692,Kenneth Linden,Dermatology,13,97352.75,0.0
1265640874,Sangeetha Balasubramanian,Rheumatology,22,297692.58,0.0
1265693691,Katherine Lee,Dermatology,12,81906.48,16.51
1275519092,Jennifer Lee,Rheumatology,40,127481.72,0.0
1275944654,Mia Gatti,Physician Assistant,12,82004.96,17.49
1275948952,Manjinder Uppal,Rheumatology,27,177482.34,0.0
1275978504,Ryan Church,Dermatology,32,117654.9,0.0
1285687384,Ronald Shiell,Dermatology,12,74635.92,16.93
1285712364,Chousheng Zhang,Internal Medicine,11,28251.69,0.0
1285720227,Firooezh Motamedi,Internal Medicine,22,117043.28,0.0
1285772152,Frank Noodleman,Dermatology,14,95385.3,126.2
1285844969,Aparche Yang,Dermatology,29,163227.85,0.0
1285862573,Michelle Chu,Rheumatology,43,149560.76,0.0
1295098390,Sheila Lezcano,Rheumatology,21,144489.93,0.0
1295159440,Heather Kyte,Physician Assistant,13,93303.65,0.0
1295703577,Marcus Connelly,Dermatology,13,84929.03,0.0
1295724326,Paul Brion,Internal Medicine,27,187102.11,42.74
1295774826,Matthew Smith,Physician Assistant,25,163635.08,40.19
1295813962,Lia Keller,Dermatology,15,36692.22,0.0
1295815579,Bryan Gescuk,Rheumatology,12,75634.88,468.39
1295877207,Frank Scott,Rheumatology,25,176004.46,448.58
1295936961,John Boswell,Dermatology,31,218648.68,267.16
1295969343,Payal Patel,Dermatology,25,141226.3,0.0
1306103064,Kyle Cheng,Dermatology,11,75086.84,0.0
1306103924,Robert Dorschner,Dermatology,22,141479.41,0.0
1306891346,Joo-Hyung Lee,Rheumatology,16,153739.03,119.5
1316055809,Christine Leehealey,Rheumatology,12,82140.73,160.55
1316250525,Roodabeh Koolaee,Rheumatology,11,69209.06,0.0
1316280977,Niraj Butala,Dermatology,39,154748.04,0.0
1316289648,Zunera Tahir,Rheumatology,12,83262.91,0.0
1316333065,Alice Chuang,Rheumatology,19,116354.69,0.0
1316381304,Kimberly Chun,Dermatology,21,60886.39,0.0
1316388028,Simran Thiara,Rheumatology,13,126450.37,0.0
1316969629,Michael Maehara,Internal Medicine,12,78463.84,0.0
1316972201,David Wong,Dermatology,12,102370.42,81.43
1326018987,Sunil Dhawan,Dermatology,11,71723.65,97.95
1326043456,Clayton Hinshaw,Dermatology,14,97829.34,42.23
1326080060,Wagdy Kades,Rheumatology,20,134647.67,189.88
1326340308,Michael Elist,Rheumatology,62,467443.44,281.29
1326450610,Farzam Gorouhi,Dermatology,52,156203.29,0.0
1336173822,Julia Graves,Dermatology,13,95201.18,74.9
1336206358,Steve Lee,Internal Medicine,33,104595.48,0.0
1336465517,Estelle Kahn,Dermatology,15,48259.11,0.0
1346276540,Justina Tseng,Rheumatology,28,270241.97,188.9
1346300274,Robert Lee,Dermatology,13,90495.73,0.0
1346328184,Eric Fromer,Dermatology,69,312810.85,0.0
1346380748,Heather Gillespie,Rheumatology,48,398516.18,0.0
1346400546,Swetha Ramachandran,Rheumatology,15,36750.58,0.0
1346413143,Catherine Close,Dermatology,36,145370.61,0.0
1346417276,Thomas Su,Dermatology,18,121439.34,119.54
1346426848,Julie Plante,Dermatology,14,123595.91,0.0
1346509213,Bryant Uy,Physician Assistant,18,122734.9,365.05
1356390181,Sergei Grando,Dermatology,12,72227.4,0.0
1356396501,Susan Rabizadeh,Dermatology,19,168636.48,0.0
1356477087,April Armstrong,Dermatology,25,171471.48,19830.57
1356536007,Man Shim,Rheumatology,13,102981.23,0.0
1356617260,Meghan Dickman,Dermatology,11,75222.35,0.0
1356670087,Catherine Manabat-Hidalgo,Dermatology,11,22270.66,0.0
1356684385,Hamayon Babary,Rheumatology,15,173890.35,0.0
1356796163,Ritesh Agnihothri,Student in an Organized Health Care Education/Training Program,13,32646.19,0.0
1366400574,Phillip Hsu,Dermatology,52,238399.65,0.0
1366452658,David No,Dermatology,12,75283.96,16.15
1366506859,Kyaw Swe,Internal Medicine,16,92537.44,0.0
1366532145,Sheila Mayo,Physician Assistant,15,98821.23,0.0
1366554933,Dennis Liu,Rheumatology,76,591382.81,60.24
1366580532,Christie Carroll,Dermatology,17,135631.36,0.0
1366590291,Andrew Nguyen,Internal Medicine,16,46731.0,0.0
1366872293,Preeti Jhorar,Dermatology,21,81201.39,0.0
1376620229,Haiyan Deng,Dermatology,32,121458.06,0.0
1376756031,Christine Jacobson,Dermatology,12,38256.74,0.0
1376868497,Helen Chodsky,Physician Assistant,13,80804.18,22.46
1376954529,Paul Hoesly,Dermatology,14,94694.76,0.0
1386684561,Jasdeep Sharma,Dermatology,25,85056.6,0.0
1386693125,Philina Lamb,Dermatology,11,75623.78,0.0
1386718971,Win Lim,Rheumatology,40,81185.08,0.0
1386729044,Stephen Martinez,Dermatology,53,159619.7,0.0
1386861409,Tinyee Chang,Dermatology,21,150415.18,38.61
1386960847,Krystle Wang,Dermatology,11,69061.5,174.67
1386969608,Brian Hinds,Dermatology,17,166619.55,0.0
1396057105,Silvina Pugliese,Dermatology,11,75352.24,0.0
1396107314,Yasmin Qaseem,Dermatology,12,82911.0,0.0
1396165882,Kristal Choi,Rheumatology,24,156668.75,0.0
1396741351,Tien Nguyen,Dermatology,224,1591479.54,346.07
1396748158,Rajiv Dixit,Rheumatology,12,82276.5,116.07
1396795514,Jesse Licuanan,Internal Medicine,13,90403.3,0.0
1396966149,Jennifer Boldrick,Dermatology,13,90265.5,0.0
1407029069,John Nylund,Dermatology,13,83795.82,0.0
1407097942,Nadine Henley,Dermatology,17,130201.03,41.22
1407362692,Madison Peterson,Physician Assistant,13,79986.06,16.68
1407973902,Jane Kwan,Dermatology,11,24409.08,0.0
1417067893,Alexander Shikhman,Rheumatology,26,170090.68,101.61
1417117417,Maija Kiuru,Dermatology,13,96428.98,0.0
1417909847,Timothy Peters,Rheumatology,32,292778.44,24.93
1417975905,Randolph Jacobs,Dermatology,12,99257.93,65.82
1427077684,David Opai-Tetteh,Dermatology,19,126900.48,241.85
1427125442,Swati Medhekar,Internal Medicine,44,155626.94,0.0
1427255454,Darice Yang,Rheumatology,21,133222.03,36.25
1427284066,Veena Vanchinathan,Dermatology,16,38165.68,0.0
1437116639,Laura Stevenson,Physician Assistant,12,73818.18,0.0
1437127099,Robert Seltzer,Dermatology,16,109831.42,96.76
1437180320,Michael Castro,Dermatology,14,117718.94,120.03
1437237245,Eileen Crowley,Dermatology,31,107797.24,0.0
1437322971,Sheherbano Mehdi,Rheumatology,19,116862.07,243.86
1437355260,Rikk Lynn,Dermatology,18,123629.8,124.5
1437445632,Iris Ahronowitz,Dermatology,14,113562.82,0.0
1437592797,Kam Newman,Rheumatology,20,225361.28,0.0
1447228259,Saeed Jaffer,Dermatology,13,89064.99,0.0
1447451935,Todd Hofeling,Rheumatology,19,129657.02,0.0
1447495031,Rachel Bak,Dermatology,11,104345.46,81.1
1457361446,Howard Kaye,Rheumatology,26,220021.93,0.0
1457435448,Michael Haiman,Dermatology,39,190514.41,0.0
1457437626,Shirley Pang,Rheumatology,11,75488.01,173.44
1457662264,Nicholas Celano,Dermatology,22,159568.9,0.0
1457709131,Roshan Patel,Rheumatology,13,123465.8,330.72
1457902017,Parul Puri,Nurse Practitioner,18,137031.4,36.13
1467010744,Jordan Jepson,Physician Assistant,16,106916.43,140.9
1467447284,Walter Nahm,Dermatology,22,166035.39,0.0
1477013878,Naomi Briones,Dermatology,15,94573.28,0.0
1477565356,Aaron Kissel,Family Practice,13,89760.29,0.0
1477731644,Kavoos Nazeri,Rheumatology,12,75810.46,507.46
1477780617,Erin Storie,Dermatology,12,61099.42,0.0
1477867869,Suraj Timilsina,Rheumatology,11,69184.2,0.0
1487017372,Nicole Lew,Nurse Practitioner,11,76793.22,0.0
1487606695,Mariko Ishimori,Rheumatology,14,95717.71,0.0
1487626867,Patricia Cavender,Dermatology,11,75924.89,0.0
1487741294,Catherine Lenz,Physician Assistant,14,69361.46,0.0
1487768362,Heidi Yurong,Nurse Practitioner,21,52506.66,0.0
1497088660,Pamona Purdy,Physician Assistant,13,83923.72,0.0
1497704381,Irene Buno-Brion,Dermatology,29,71234.01,0.0
1497839864,Yong Sook Lee,Rheumatology,12,74417.88,0.0
1497848295,Ann Vu,Dermatology,25,171483.69,133.96
1497849418,Arjang Miremadi,Dermatology,13,92253.63,0.0
1497949465,Natalie Nasser,Dermatology,11,50452.04,0.0
1508122219,Neftali Nevarez,Rheumatology,12,86742.3,0.0
1508325317,Parker Hollingsworth,Dermatology,11,75110.22,0.0
1508810292,Kent Carson,Dermatology,12,78305.29,0.0
1508956475,Neelakshi Patel,Rheumatology,14,152387.67,0.0
1508960840,Elayne Garber,Rheumatology,13,89064.99,255.68
1508996141,Maria Bonilla,Dermatology,12,71891.08,0.0
1518278357,Cynthia Chambers,Dermatology,20,183352.08,43.97
1518287895,Kim Quach,Dermatology,27,143453.35,0.0
1518452283,Darren Board,Physician Assistant,15,159199.53,24.41
1518923432,Michael Heffernan,Dermatology,19,120512.68,0.0
1528010998,Syed Hasan,Internal Medicine,35,139367.09,0.0
1528018470,Bradley Andersen,Rheumatology,35,315293.32,0.0
1528254901,Hege Grande Sarpa,Dermatology,74,349865.53,0.0
1528264850,Sharon Ing,Internal Medicine,44,164003.89,0.0
1528359577,Megan Furniss,Dermatology,12,83632.48,105.58
1528453701,Stephanie Feldstein,Dermatology,30,144659.24,0.0
1528558087,Annaliese Majeed,Physician Assistant,23,157043.23,149.46
1538121876,Dina Massry,Dermatology,12,78326.34,20.9
1538154455,James Rheim,Dermatology,13,90962.15,0.0
1538528690,Roxanna Arakozie,Dermatology,24,166750.0,0.0
1538576749,David Choi,Dermatology,26,110871.98,0.0
1548322266,Doreen Burks,Rheumatology,21,150115.45,200.53
1548326606,Andrew Rozelle,Rheumatology,12,82140.73,0.0
1548490568,Sherry Youssef,Dermatology,27,80785.24,0.0
1548558554,Diane Schwarz,Nurse Practitioner,14,90944.26,54.05
1548666738,John Nicolaisen,Physician Assistant,13,89282.85,0.0
1558360164,Robert Hartman,Dermatology,14,87135.1,16.26
1558461103,Erik Schten,Internal Medicine,14,110875.68,0.0
1558540773,Felicia Schwab-Doyle,Dermatology,26,99053.77,0.0
1558577957,Catalina Matiz,Dermatology,52,168199.47,0.0
1558625285,Christina Downey,Rheumatology,39,294610.49,0.0
1558767707,Karla Joyce Otero-Vo,Nurse Practitioner,15,102777.74,245.29
1568015121,Lea Pisching,Nurse Practitioner,18,117165.96,204.06
1568481588,Thomas Munyon,Dermatology,16,107696.0,25.97
1568510436,Mark Guralnick,Dermatology,26,102703.44,0.0
1568696789,Harry Dao,Dermatology,13,109075.77,0.0
1568755502,Stephanie Orr,Dermatology,31,147400.71,0.0
1568770725,Lisette Peralta,Physician Assistant,22,143664.06,0.0
1568782100,Adam Rees,Dermatology,40,215313.95,0.0
1578546578,Gurtej Cheema,Rheumatology,23,127972.04,0.0
1578573358,Sara Dill,Dermatology,13,81108.07,127.83
1578666509,Dori Rausch-Rafii,Dermatology,42,103376.63,0.0
1578705075,Lavonne Meadows,Dermatology,15,98969.7,19.93
1578726121,Sean Doherty,Dermatology,53,214367.64,0.0
1578736724,Kevin Belasco,Dermatology,12,75991.73,1956.9
1578742888,Lily Kao,Rheumatology,33,210337.91,15.28
1578974010,Justin Blumreich,Nurse Practitioner,47,310572.54,81.42
1578998589,Elika Kamdar,Physician Assistant,44,348051.78,21.6
1588050702,Parastoo Davari,Dermatology,17,56304.7,0.0
1588754410,Ted Darden,Family Practice,12,84750.67,0.0
1588875512,Sahdev Saharan,Rheumatology,19,124388.77,159.27
1598709867,Steve Oberemok,Dermatology,21,206135.45,21.48
1598759615,Charles Boniske,Rheumatology,24,154853.62,0.0
1598824153,Emily Tang,Dermatology,22,88635.18,0.0
1598843245,Timothy Baker,Dermatology,23,99565.11,0.0
1598981763,Kathryn Gant,Dermatology,11,76796.75,0.0
1598988057,Arnold Lee,Dermatology,28,123768.13,0.0
1609070051,Eunice Tsai,Dermatology,21,58255.64,0.0
1609073048,Michael Messina,Dermatology,26,193941.14,23.21
1609119783,Albert Chiou,Dermatology,12,83715.4,0.0
1609887355,Christina Tucker,Physician Assistant,12,77399.18,49.73
1609954106,Kim Carlson-Sweet,Dermatology,34,153517.74,0.0
1619135241,Doquyen Huynh,Rheumatology,16,150541.16,77.85
1619408556,Joseph Thorpe,Dermatology,15,93750.54,0.0
1619972510,Robin Dore,Rheumatology,28,228580.11,6656.25
1629002191,Christina Kim,Dermatology,84,409986.7,0.0
1629051677,Adam Pettey,Dermatology,69,184448.02,0.0
1629141866,David Friedman,Dermatology,23,165279.32,23.55
1629161260,Ingrid Trenkle,Dermatology,20,178256.28,15.08
1629194634,Robert Wang,Dermatology,19,131160.03,0.0
1629246228,Hajra Tily,Rheumatology,84,772511.62,0.0
1629412259,Luis Dehesa,Dermatology,67,448674.26,0.0
1629496807,Nina Narasimhalu,Internal Medicine,13,61013.81,0.0
1629645635,Veronika Heteniak,Physician Assistant,22,143714.3,0.0
1639136344,Natasha Conley,Rheumatology,22,113416.86,0.0
1639195316,Robert Greenberg,Dermatology,16,108254.91,57.75
1639289614,Freddy Chan,Physician Assistant,11,71002.54,0.0
1639429178,Pedram Ghasri,Dermatology,15,92665.47,0.0
1639490493,Nancy Habib,Dermatology,21,58474.85,0.0
1639516172,Diraj Karnani,Rheumatology,53,382906.24,38.14
1649248782,Jaffar Tremazi,Rheumatology,12,82453.79,100.94
1649536780,Habibollah Alamdari,Dermatology,34,153858.98,0.0
1649599648,Jennifer Hayes,Dermatology,23,158894.33,15.63
1659344281,Errol Craig,Dermatology,88,256906.51,0.0
1659550861,Vanessa Holland,Dermatology,13,84799.61,0.0
1659638120,Daniel Zaghi,Dermatology,25,138635.47,0.0
1659908903,Micah Belzberg,Student in an Organized Health Care Education/Training Program,15,119623.4,0.0
1669402467,Bikramjit Ahluwalia,Internal Medicine,30,242638.47,361.23
1669629317,Hal Weitzbuch,Dermatology,13,79786.98,31.8
1669640827,Leah Clarke,Physician Assistant,14,105364.14,131.44
1679507537,Christopher Ho,Dermatology,36,246232.99,300.95
1679689061,Brian Kaye,Rheumatology,48,430957.6,0.0
1679690200,Anupama Bhat,Rheumatology,22,88974.06,0.0
1679732671,Erin Amerson,Dermatology,12,150664.56,0.0
1689640856,Brigid Freyne,Rheumatology,22,275980.46,238.08
1689660037,Jacob Rispler,Dermatology,13,88485.11,0.0
1689723876,Yaqoot Khan,Rheumatology,12,84213.03,61.45
1689741506,Linda Wong,Dermatology,36,125354.18,0.0
1689752214,Kory Zipperstein,Dermatology,24,59249.89,0.0
1699722603,Thitinan Srikulmontree,Rheumatology,12,74295.08,0.0
1699737932,Albert Katz,Rheumatology,13,89903.83,82.34
1699744524,Maria Susan Buhay-Maglunog,Internal Medicine,22,151274.38,262.82
1699968826,Roger Bellamy,Physician Assistant,11,116629.98,0.0
1700140738,Andrew Ross,Dermatology,17,138777.47,64.31
1710039938,Kwame Denianke,Dermatology,75,251080.48,0.0
1710041686,Tamuyen Nguyen,Dermatology,13,89064.99,0.0
1710144423,Abha Singh,Rheumatology,12,80590.13,0.0
1710352083,Daniel Perry,Physician Assistant,23,183585.16,58.49
1710440169,Jonathan Rick,Dermatology,12,74980.59,0.0
1710936646,Navid Nami,Dermatology,32,207942.09,16.34
1710967310,Wennie Liao,Dermatology,12,82911.36,0.0
1720006729,Nathaniel Neal,Rheumatology,13,80964.05,270.25
1720029135,Mehrnaz Hojjati,Rheumatology,21,191518.91,111.3
1720059579,Judy Ng,Dermatology,57,373031.8,66.21
1720074537,Paul Yamauchi,Dermatology,61,422744.08,2938.43
1720083744,Gennady Rubinstein,Dermatology,12,77884.15,138.19
1720109614,Erik Sorenson,Physician Assistant,55,371324.83,152.02
1720231632,Paola Rodriguez,Dermatology,16,64946.32,0.0
1720282718,Tressa Esty,Physician Assistant,22,151548.84,224.54
1720428048,Gayle Kookootsedes,Rheumatology,13,127641.73,185.87
1720542491,Marianna Almanza,Physician Assistant,18,123178.13,164.54
1730125105,Mauro Leyba Jr,Rheumatology,15,94412.54,283.8
1730156282,Julie Fields,Preventive Medicine,11,72091.02,0.0
1730165044,Peter Rim,Rheumatology,24,58550.65,0.0
1730295643,Peter Stein,Rheumatology,11,111097.94,0.0
1730386046,Diana Riley,Physician Assistant,16,151383.33,148.15
1730411091,Natalia Vlassova,Dermatology,49,213023.65,0.0
1730441114,Rose Chumo,Internal Medicine,30,105075.2,0.0
1730454091,Jennifer Trimai,Physician Assistant,13,83923.72,0.0
1730522640,Howard Yang,Rheumatology,13,80408.13,0.0
1730526591,Nika Cyrus,Dermatology,22,87322.77,0.0
1740201557,Ioana Moldovan,Rheumatology,17,126763.04,282.5
1740243328,Harchetan Sandhu,Rheumatology,20,123708.63,72.15
1740357631,Nancy Jasso,Dermatology,25,113657.12,0.0
1740409283,Karen Shainsky,Rheumatology,40,274146.7,521.34
1740488238,Gregory Simpson,Dermatology,14,88386.86,0.0
1740698943,Keith Roby,Dermatology,19,77134.16,0.0
1750450615,Martin Kay,Dermatology,14,143653.68,81.1
1750469649,Nicole Griffin,Rheumatology,34,83424.8,0.0
1750534715,Smitha Reddy,Rheumatology,13,86179.46,474.7
1750561056,Haley Naik,Dermatology,13,89336.53,8658.08
1750701736,Elisabeth Neal-Novak,Physician Assistant,11,71982.49,117.64
1750830758,Megan Fitzgerald,Physician Assistant,60,204332.77,0.0
1760402770,Quan Nguyen,Dermatology,11,70248.39,239.09
1760725394,Brianne Dickey,Dermatology,20,159168.6,155.23
1760753479,Stavros Savvas,Rheumatology,12,74546.2,0.0
1760773014,Michelle Ngo,Rheumatology,15,104699.33,169.46
1770506537,Diana Lau,Rheumatology,12,82467.31,0.0
1770529620,Bradley Kurgis,Dermatology,24,159140.19,49.95
1770613614,Minh Chau Nguyen,Rheumatology,11,44492.98,0.0
1770700908,Jennifer Lee,Dermatology,22,163598.94,0.0
1770733446,Aieska De Souza,Dermatology,11,91815.06,0.0
1770740862,Arvin Doostan,Dermatology,20,78639.61,0.0
1770759375,Benedict Chou,Rheumatology,25,50677.54,0.0
1770857682,Adam Kreitenberg,Rheumatology,19,132443.96,685.27
1780610105,Daniel Arkfeld,Rheumatology,12,83697.4,75.89
1780617100,Bernard Recht,Dermatology,12,83262.91,55.51
1780670091,Kristine Hirschfield,Internal Medicine,13,107434.49,0.0
1780675587,Steven Hodgkin,Dermatology,15,102631.23,43.63
1780727750,Johnnie Woodson,Dermatology,14,96749.26,34.01
1780781369,Lianne Gensler,Rheumatology,29,301287.8,10872.0
1780786657,Steve Krikoriantz,Physician Assistant,90,678617.57,289.88
1780841197,Ann Mary Belek,Rheumatology,31,105080.8,0.0
1780887810,Juliette Lee,Dermatology,12,30251.48,0.0
1780942607,Katherine Varman,Dermatology,16,50193.82,0.0
1790178440,Clayton Blankenship,Nurse Practitioner,17,114595.41,198.08
1790216182,Sachi Patel,Dermatology,13,88076.83,0.0
1790826394,Clemens Esche,Dermatology,13,88057.91,0.0
1790913770,Brian Pedersen,Rheumatology,13,88387.68,0.0
1801103130,Ricardo Bardales Mendoza,Internal Medicine,33,106444.82,0.0
1801139068,Lydia Kim,Dermatology,22,76553.4,0.0
1801144381,Si Liu,Pharmacist,30,66866.24,0.0
1801239009,Juliana Chang,Internal Medicine,18,72922.22,0.0
1801273479,Jacqueline Brogan,Dermatology,12,83378.84,0.0
1801279948,Shahrzad Akbary,Dermatology,13,84359.35,47.54
1801280359,Chen Wang,Dermatology,11,101125.21,0.0
1801862438,Joseph Martin,Internal Medicine,74,234177.51,0.0
1801908579,Richard Graham,Dermatology,11,76205.94,0.0
1801999206,Thaila Ramanujam,Rheumatology,13,96798.26,146.06
1811174428,Vani Velkuru,Rheumatology,12,79792.12,44.6
1811183585,Jeremy Anuntiyo,Internal Medicine,74,585288.5,279.42
1811197478,Raja Sivamani,Dermatology,12,83045.4,1540.99
1811394976,Tanner Cavanaugh,Physician Assistant,47,418921.64,227.88
1811913221,Fred Shahan,Dermatology,25,212755.15,19.6
1811915333,Nina Trinh,Rheumatology,14,64989.53,0.0
1811984123,Jay Kim,Rheumatology,26,174408.3,195.49
1811997877,Linda Golkar,Dermatology,13,95606.18,18.0
1821001496,Boris Ratiner,Rheumatology,30,312861.47,520.31
1821084443,Byron Van Dyke,Dermatology,45,146240.09,0.0
1821225467,Laura Chang,Dermatology,39,251644.55,0.0
1821316696,Pamela Aubert,Dermatology,27,169669.54,0.0
1821567975,Christina Stempson,Nurse Practitioner,12,78326.34,169.69
1831104694,Samy Metyas,Rheumatology,13,227202.35,6019.81
1831114008,Stratos Christianakis,Rheumatology,22,122071.84,23.4
1831147156,Massoud Soleimani,Rheumatology,15,145335.05,0.0
1831182971,Dale Kooistra,Dermatology,16,102823.17,0.0
1831192160,Umesh Sabharwal,Allergy/ Immunology,12,76586.34,205.97
1831300722,Sheri Hsu,Rheumatology,67,496205.83,228.25
1831327121,Van Hoang,Dermatology,26,87006.75,0.0
1831551274,Ernest Maningding,Rheumatology,12,82453.79,0.0
1831614353,Khanh Ngoc Ton Nu,Physician Assistant,94,672495.15,109.72
1841229069,Charles Chia,Dermatology,83,327356.26,0.0
1841246568,Daniel Watrous,Rheumatology,17,144738.11,277.0
1841359593,Steven Goldberg,Dermatology,37,118100.43,0.0
1841371200,Samuel Chan,Family Practice,12,82914.36,0.0
1841378601,Inder Dhillon,Dermatology,11,22350.19,0.0
1841557477,Robinder Dhillon,Rheumatology,29,222710.39,166.56
1841592763,Swapna Busa,Rheumatology,25,77086.26,0.0
1841648573,Robert Zapotosky,Physician Assistant,26,171233.03,58.82
1851396717,Elizabeth Taylor-Albert,Rheumatology,12,82140.73,0.0
1851532220,Kara Crane,Nurse Practitioner,24,158797.26,30.14
1851622435,Terrence Tan,Rheumatology,66,334978.42,0.0
1851711345,James Wu,Dermatology,18,123649.17,23.29
1851763783,Stacey Pun,Dermatology,21,77119.75,0.0
1861578569,Soon Min Tan,Rheumatology,15,94074.78,24.7
1861579021,Paige Radell,Dermatology,12,96204.75,49.95
1861646267,Michael Bradshaw,Dermatology,18,154847.15,0.0
1861767097,Charisse Orme,Dermatology,40,353382.93,40.5
1861811630,Maryam Liaqat,Dermatology,14,60122.31,0.0
1861812950,Maya Debbaneh,Dermatology,12,46541.29,0.0
1871543702,Kristine Ahern,Dermatology,12,109103.94,0.0
1871660886,Ronald Blond,Dermatology,12,24309.39,0.0
1871660936,Marketa Limova,Dermatology,27,199568.72,95.78
1871733329,Scott Worswick,Dermatology,14,117028.0,55.03
1871826966,Jason Sanchez,Physician Assistant,40,272497.22,94.78
1871904821,Sikai Yang,Rheumatology,25,172229.66,0.0
1871936575,Chelsea Ma,Dermatology,15,124205.03,0.0
1881694131,Arash Horizon,Rheumatology,13,89763.54,0.0
1881886042,Iraj Sabahi,Internal Medicine,12,118601.48,133.49
1881890713,Elvira Lindwall,Rheumatology,29,195799.75,390.9
1891012969,Julie Ritchie,Dermatology,59,194365.1,0.0
1891115564,Anny Wu,Rheumatology,18,153459.21,18.6
1891139010,Baran Ho,Dermatology,14,30562.55,0.0
1891143277,Tejaswi Mudigonda,Dermatology,17,118242.53,68.21
1891182150,Kavitha Mattaparthi,Internal Medicine,26,101608.34,0.0
1891781530,Howard Oriba,Dermatology,14,97829.34,0.0
1891827788,Peter Cham,Dermatology,21,64584.35,0.0
1891847273,Virginia Chan,Internal Medicine,24,97676.3,0.0
1891864559,Thomas Paige,Dermatology,12,82140.73,0.0
1891873998,Deborah Lobo,Dermatology,12,48511.04,0.0
1891881215,Timothy Lazarek,Nurse Practitioner,15,104816.85,314.24
1891894531,Blair Kranson,Dermatology,13,89315.29,21.09
1902080625,Harbrinder Sandhu,Rheumatology,56,509474.23,0.0
1902175623,Lisa Asfahani,Physician Assistant,12,76209.8,235.24
1902328412,Vanessa Parvez,Physician Assistant,17,150848.33,47.23
1902867294,Pierre Labrecque,Dermatology,92,623446.31,49.48
1912138132,Stephanie Greger,Rheumatology,24,244281.96,0.0
1912901448,Susan Baker,Specialist,23,149882.26,0.0
1922115856,Meghal Parikh,Rheumatology,12,83375.0,0.0
1922149285,William Longfellow,Internal Medicine,16,100020.33,0.0
1922199306,Kenneth Macknet,Dermatology,13,178129.91,65.17
1922269067,Minzi Chen,Rheumatology,12,73430.39,11.68
1932162385,David Dang,Rheumatology,11,71853.07,0.0
1932182318,Shirin Ahmad,Rheumatology,15,191217.08,0.0
1932214855,Sharon Velez,Physician Assistant,41,328532.36,23.53
1932270824,David Goldstein,Dermatology,28,305105.45,0.0
1932299039,Brian Brosnan,Dermatology,59,157797.79,0.0
1932307030,Jeffrey Allen Benabio,Dermatology,47,149436.93,0.0
1932343829,Howard Van Gelder,Rheumatology,12,111658.62,0.0
1932541893,Natasha Zohuri,Rheumatology,18,168347.61,0.0
1932619509,Jesse Perkins,Physician Assistant,18,122745.71,255.17
1942230420,Brad Becker,Dermatology,15,36690.8,0.0
1942356548,Avanta Collier,Dermatology,20,126042.96,0.0
1942387881,Sandhya Yadav,Dermatology,63,238759.85,0.0
1942462718,Neda Yazdi,Rheumatology,12,24323.47,0.0
1942526389,Eon Rios,Dermatology,34,241944.88,0.0
1942536834,Ashley Crew,Dermatology,13,88911.46,0.0
1942552914,Sakshi Patel,Physician Assistant,19,149818.77,203.97
1942575303,Neha Prakash,Dermatology,26,87111.64,0.0
1942620869,Rishu Gupta,Dermatology,12,74295.08,0.0
1942711486,Alain Brassard,Dermatology,22,201287.94,14.95
1952302556,Molly Shields,Dermatology,13,83923.72,0.0
1952321101,Mihaela Taylor,Rheumatology,27,188010.9,0.0
1952321176,Alan Gorn,Rheumatology,12,163984.55,0.0
1952338907,Brian Reber,Physician Assistant,24,160635.42,81.42
1952436354,Arun Venkat,Dermatology,14,95273.6,0.0
1952460859,Noune Pashinian,Rheumatology,42,410266.19,221.07
1952527319,Kafele Hodari,Dermatology,26,172774.02,195.13
1952571317,Tamiko Katsumoto,Rheumatology,11,75923.24,0.0
1952635237,Marjan Khaleghi,Nurse Practitioner,24,156878.9,256.42
1962022160,Laura Levingston,Nurse Practitioner,16,131442.91,198.08
1962408112,Raul Romea,Rheumatology,12,77399.18,0.0
1962439299,Irene Tong,Rheumatology,24,161234.7,12.36
1962561530,Stuart Israel,Dermatology,53,246304.26,0.0
1962579987,Lamar Nelson,Dermatology,45,214552.66,0.0
1962580506,Kesara Borirakchanyavat,Dermatology,33,113759.37,0.0
1962604850,Jennifer Sri,Dermatology,33,133401.84,0.0
1962667204,Neha Dang,Rheumatology,13,135065.1,0.0
1962717918,Peter Lloyd,Rheumatology,11,85812.86,0.0
1962728022,Daniel Chang,Dermatology,11,82909.62,18.0
1962778928,Kory Parsi,Dermatology,55,174253.35,0.0
1972072528,Lara Avedian,Physician Assistant,28,230459.1,227.88
1972682623,Leigh Miyamoto,Dermatology,50,163819.05,0.0
1972732600,Christine Elias,Rheumatology,65,490646.6,167.27
1972769792,Miten Vasa,Internal Medicine,48,176058.37,0.0
1972893204,David Lee,Dermatology,25,76739.18,0.0
1982686333,Jonathan Baron,Dermatology,24,149300.06,263.44
1982825238,Eric Williams,Dermatology,38,141341.2,0.0
1992099022,Elizabeth Bailey,Dermatology,12,81696.62,0.0
1992130132,Antonia Garner,Nurse Practitioner,23,157320.25,13.31
1992743579,Molly Magnano,Rheumatology,20,125851.15,269.92
1992762769,Jim Kim,Rheumatology,25,165535.67,91.69
1992786347,Diane Scott,Dermatology,13,90634.05,0.0
1992873673,Anna Di Nardo,Dermatology,12,82056.3,0.0
1992934632,Pei-Chang Chen,Rheumatology,31,89000.61,0.0
1316980014,Stephen Couvillion,Ophthalmology,17,53831.7,0.0
1689773244,Alessandro Castellarin,Ophthalmology,12,43816.5,0.0
1750382008,Randall Nguyen,Ophthalmology,11,23406.79,0.0
